Review,Actual,Predicted
the photo of the mila turtleneck where model has her hands to her sides and just below her hair there is a bit of extra fabric which falls to the bottom of the sweater in a bit of a pleat well its not representative of the abundance of fabric in the xl i usually wear an l or xl well with retailer clothing the excess added the appearance of excessive pounds from breasts to bottom of sweater bummer ill be returning it,Negative,Neutral
but not for me i usually try to buy petite sizes since i am only ft in but this was just too pretty to pass up so i took a chance and ordered a regular size xs right out of the bag i was impressed with the colors and fabric of this romper however i did not notice that the entire back was open until i put it on from the pictures it looks like there is a small opening but when i put it on i was exposed all the way down to my lower back this may not be the same for a taller person s,Positive,Negative
this top is very nice i ordered it in black it looked very good the embroidery and pleated details give it a very nice look the fabric however feels like heavy cotton it didnt feel very soft and comfortable it was a bit hard for me to wear because i usually prefer soft cotton while i think this will retain its shape and not stretch like softer cotton i am sending it back it felt a bit heavy to wear,Neutral,Positive
i really wanted to love this shirt the snowflake and stripe design is really cute and the fabric is of nice quality its a very loose fit which i wouldve been willing to work with but as mentioned in previous reviews the shoulder seam rests in an odd place on your upper arm and there are little bumps in the fabric on the arms that appear similar to what happens if you leave a shirt on a wire hanger too long it looks like you have nubby little wings coming out of your arms not attrac,Negative,Neutral
this dress is very thick cotton material like a sweatshirt i was hoping to wear this to a wedding but it is a tunic at best the bell part of the sleeves also stick out awkwardly because of the fabric,Negative,Neutral
first off the prints are gorgeous  i ordered three i wanted to love them but unfortunately i found them short and wide so back they go,Neutral,Negative
maybe its my curves or the way im only  but this was a hot mess on me it is soooo long and cut to low for my d chest it is slim and the cut usually is flattering but somehow this dress was anything but it is really shiny and the material is heavier than anticipated for warm weather if you are super tall and skinny with no boobs go for it had to send back,Negative,Positive
quality is fantastic but i feel like a  would have barely made its way around one leg this pant is way small in terms of sizing and not a style fit for anyone over a  a lot of fabric in the legs nice pant but not for this girl,Negative,Neutral
beautiful dress appears wellmade but unfortunately i wasnt able to get it on about  inch gap in the zipper over chest area first time ive ever sent something back to retailer for not fitting,Neutral,Negative
already got a lot of compliments on the first day i wore this skirt great fun shape very flattering however the  panels were sewn using some type of hardplastic thread which becomes very itchy when you sit down you can literally feel it through the liner and im concerned that over time it might actually rip it very poor attention to details,Neutral,Positive
"i really loved this skirt on the model but it just wasnt flattering when i received my order i ordered two sizes   and  i am  athletic build and the front closure made my waist look much larger than it is the back of the skirt also flared out more than i expected it to 

sadly i had to return both perhaps this would look better on someone with a much taller frame",Negative,Neutral
"this pants the worst short that i ever had
i bought this short last week and i laundry it yesterday and it came out lost color
i was really shock definetly will return it to store
fyi i never use chrolox or bleach when i laundry",Negative,Positive
the sizing and length are great had it not been for my chest area i sized up from my usual medium but the pleats create a maternity look for me unfortunately it truly is a great tank top,Neutral,Positive
i am totally on the fence with this shirt like the other reviewers i sized up because my normal  was too tight in the chest a common problem for me the arms are strangely tight and i didnt get much more room in the bust with the  but then the bottom of the shirt tents away and hangs funny this is obviously meant for those with a very small bust who are on the slender side i love the pattern and material though so im going to visit my trusty seamstress and see if she can place dart,Neutral,Positive
i ordered this quite nice cardigan i received the sweater promptly yay fast shipping but never received the belt to it i tried emailing about it but didnt get a response the sweater really is the softest thing ever but it will not close without the belt and trying to use a different belt just doesnt work i hope to receive the belt soon because id really like to wear this a lot this winter,Neutral,Positive
not a tunic unless the model pictured is  barely covered my backside and not as advertised design on top is interesting and the fabric is soft so its a good buy if  off or more,Negative,Positive
very disappointed in this top i have a short waist and it was still too short for me ,Negative,Neutral
i ordered a small and the top part was huge yet the bottom a little snug you need a big chest and small legs and bottom too bad its very cute,Negative,Neutral
these pants are cute they seem to me to have a wider leg than appears on the model they do run big so i would recommend sizing down if in doubt these are cute pants that can be dressed up or down but unfortunately look pretty sloppy by the end of the day as they stretch and wrinkle very quickly since they already run a bit big this is a major negative i wore them to church and they were quite wrinkled by time i got home by late afternoon they looked like a different pair of pants,Neutral,Positive
i love the look of this dress  had high hopes but it didnt live up to them have no doubt that it is well made  beautiful fully lined with lovely detailing around the neck i am  lbs with a postpartum belly that id like to hide so i chose this dress as the reviews say its a bit loose  forgiving i found it to be so loose that it looks big  entirely hides my figure i considered ordering a small but knew that it was simply the cut of the dress  going down a size wouldnt chang,Neutral,Positive
the colors in this dress are much less vibrant in person the scoop of the neckline is very wide and deep i know others have posted that this is a great dress for work but not in my workplace,Neutral,Positive
this piece didnt make sense to me  maybe its bc im a yankee fan but it reminded me of a high end baseball jersey that was sheer  i didnt think it was office appropriate but too dressy for casual wear  it went back,Negative,Positive
this is a cute dress not real form fitting and made of a thin but comfortable jersey material little see thru and kind of sexy though if you have cute lingerie,Neutral,Positive
these felt like they were cutting off circulation around the calves i tried pulling them lower to reduce the tightness but that made them way too droopy between the legs an alternative would be to clip the elastic but ultimately decided to return,Negative,Neutral
i saw this top in the box and was excited to try it on the print is absolutely stunning and gorgeous i could not wait when i tried it on it is such a loose top and a tad short it was flowy all over i expected it to be loose from the picture but not like this it would work best on a very slender figure with white pants or leggings i dont recommend it for a curvy figure just not flattering makes everything look big what a waste because the print is so nice,Neutral,Positive
i just cant get past how different the blouse i got is from the photo mine has dark colors really dark colors  this top fits a bit large and the neck is quite wide i thought it flowed well and fit nicely in my regular size large i liked the length and the fact that its shorter than shown it still covered my bum  the back has a cute peplum ruffle and there are little bronze colored beads along the bottom edge in both the front and back i would have kept it had been the blouse shown in t,Negative,Positive
these pants fit tts and are ask pictured in length on me  i can go between a  and a  and tried the  and they were fine that said the fabric completed turned me off it is that sort of stretch fabric with a sheen to it i did not find them to be the wonderful wardrobe basic i thought theyd be the fabric is just too stiff and the sheen made them feel cheap unfortunately,Negative,Positive
this top was so pretty online unfortunately it did not work for me the front was a bit more shapeless in person though the back was gorgeous with a button gather at center the color appeared yellow online but was a bit more green in person also the armholes were very low so it would need a camisole or no bra,Neutral,Positive
does not look like the picture lined with a cheap denim fabric inside that shows when arms are rolled up i normally always fit in mediums and this jacket is so small in the arms as well as body that it fit like a xs,Negative,Positive
my  daughters and i all wear a size small and are heights range between  and   this dress was sloppy on every one of us i dont think a size x small would have made a difference the length is all over the place im not sure how or where you would fit a bra into the picture on the positive side was very soft it may work as a beach cover up,Negative,Positive
this is the prettiest little sweater with such nice details but it will not work well on a person like me with a full bust d even in a larger size than i normally wear it is also very very short in the body i would recommend it for a petite person with a small bust though,Neutral,Positive
its thin knit with a unique and pretty neckline but unfortunately its scratchy will not last i just received it and it looks like it would fall apart after a few wears its a nice shade of offwhite at least for me its a no that will get sent back straight away,Negative,Neutral
so this is still a pretty cute shirt but my xs is missing the ruffle in the front and has layers on the bottom front of shirt it doesnt seem to be defective just a different version of the shirt im curious to find out from others if they have gotten the same shirt as i have still deciding whether to keep or not no more left in xs to place another order and see whats up i do wish it had the ruffle in front as that is what caught my eye,Neutral,Positive
i ordered the white denim online and was very disappointed by how thin the material was i had tried on the light blue denim in the store and it had a nice weight to it the style is wonderful and the fit is very flattering but too sheer for me to wear outside the house,Negative,Positive
i purchased these pants on  as a more fashionable alternative to yoga pants while traveling southeast asia starting february after about  wears with little washing in between as i was backpacker style traveling the pants wore through in between my legs the fabric first started to develop little fuzz balls everywhere and then literally disintegrated in places i tried to sew them to continue wearing them while traveling but alas the fabric had become so thin that the thread could,Negative,Positive
got this in purple and love it ordered red and silver and only received red so far but had to return because it was oddly shaped and didnt fit well like the purple not sure what happens maybe miss sized,Negative,Positive
i wanted to really love this because its a bit more styled than a plain tank but the front and back both poof out and i felt like i was wearing a maternity top just didnt do my body any justiceloved the top and that part fit great but the bottom part was too poofy and sadly not a good look at all on me,Positive,Neutral
in the photo i loved the colors in person though the print on mine had the four huge pink lily flowers on the front and it just wasnt the look i was hoping for like the photo also i failed to notice in the photo that theres elastic along the seam of the butt this seems silly and unnecessary its not terribly noticeable on but still i felt weird the fabric is thick and not seethru and the quality is fine but the combination for the shifted print and the unexpected ruching and thes,Positive,Negative
this is a very pretty particularly youthful dress  but do be forewarned it is gigantic  size down even if you never do and get a petite if you are even a little short  i didnt size down enough and it was both wide and long  it looked ridiculous  i am petite and the hem went way below my knees and the dress was considerably longer than the slip,Positive,Neutral
for me this looked better in the picture i found the actual item more garish in person and way too scratchy on the outside for my liking hard pass for this petite,Negative,Positive
the xxs petite fit great except in bust and shoulder area im a a and it was really tight,Neutral,Positive
loved the dress loved the pattern and the cut unfortunately it did not work for me it is cut too low under the arm pits and therefore showed too much breast it is not made to wear a bra with either so that is not a solution sticky boobs will not work either because it is the side breast that shows i hated to have to send back butstill looking for something similar and great,Positive,Neutral
well this top just did not do anything for me  its a very conservative style with the high neckline and blousy fit youd need to go a little lower in size if you want any of your figure to show through i guess it might be good for a church function or some other conservative event but it was too buttonedup for my style i also had a hard time getting it off even though the size i tried on was large for me i didnt care for the feel of the fabric either although the lace is nice,Neutral,Positive
i like how this jacket is very versatile you can wear it to work or play it does have interesting detail on it i kept it based on the price and those details i have the olive color the arms are a little tight,Neutral,Positive
"bought this in an xs and i liked the style of the skirt it was long enough to wear to work 
however the waist was too large and would not stay up on my waist returned",Positive,Neutral
i bought this in a large im normally an xl it is a very large on the bottom i really like that style so the extra fabric was good i tried on the white and orange the white is sheer and i didnt like the fabric as much the orange way really cute though,Positive,Neutral
"i thought i was getting this nice light weight white sweater but not the case
it is a pretty heavy nice thick cotton and beautiful made it does run large i got the small and love the oversize feel even on my  frame 
but  it is not white it is beige and it is not light weight i have enough beige sweaters in this look so this one is going back even though it was a great buy on sale",Neutral,Positive
luckily i bought this on sale i now see the instructions online say to hand wash but i bought mine in the store the instructions on the tag said to wash delicate in cold water and tumble dry i washed it in cold water and it shrunk to doll size,Negative,Positive
first of all the label on this dress is maeve not nue by shani second i just wasnt impressed the fabric is coolit has a sort of embossed look to it and its somewhat shiny which sets it apart in a good way but the cut is just boring the top felt dowdy to meoverall i was underwhelmed by this dress and returned it,Neutral,Negative
this top was quite voluminous when i purchased it and i sized down to an xs however after hand washing it once in cold water it has shrunk significantly it still fits but something to be aware of,Neutral,Negative
i am usually a size o and ordered and xs due to the band in the center not much give it was a little difficult to shimmy over my hips but the body fit perfectly when i got passed that part that being said the cup design is a hot mess i am a bc cup size and the top on this could not handle it i felt fully exposed i thought maybe if i went a size up i could get a little more coverage the body felt ok on the small but the cups were still just too small i still felt to exposed they are,Negative,Positive
"these leggings were way longer and darker then appeared on model 
they also were see through or beige color when stretched across hip
especially for the high cost there are much better althleisure leggings on the market",Neutral,Negative
i thought this was so cute online sweet and feminine but when it arrived and i tried it on in my usual p i felt like i had just stepped back into freshman year of highschool  it is very early s  not the bohemian i was going for it is also very high waisted even for my little  frame i truly felt like they pulled this out of someones closet dusted it off and said ta da as much as i love rachel and monica i have moved on from their clothing ,Neutral,Positive
this is a very nice dress the jersey is soft and high quality the construction appears solid the color is very pretty and looks in real life just like it does on my computer the cut and draping just dont work for me theres just too much draping too much fabric it overwhelmed me and made me look bigger than i am i have a feeling this would be much more flattering on a curvier figure than my own this dress seemed to be trying to accentuate curves i dont really have especially in the,Positive,Neutral
finally decided to join the yogawear craze and thought these tights and a few other pair from retailer would help me transition to this style my size l tights were just that  tight so tight i really didnt want to pull them up past the knee i am not kidding i wear size  pants and my legs are toned and shapely so there was no reason to expect a l wouldnt fit so sad,Neutral,Positive
wish id noticed that the sleeve cuff and hem were cut to look hippiecasual im taking this back with great regret its soft and the prettiest pale limesherbet color made for a cool summer look i dont like tattered though  so back it goes sigh its soft true fit and beautiful id buy it in many colors and in the lovely lavender print if it wasnt for the cuts,Neutral,Positive
well made dress but too much fabric for my taste it lays a little heavy on the body  does not give a slimming affect the colors are vibrant  pretty but the dress is too long as well as other reviewers have said the front is too low cut but turn it around and it looks  feels better didnt work for me sadly ill be returning it,Negative,Neutral
i liked this top in black but it didnt fit me well had to return,Neutral,Positive
first one i received was ripping apart already in the sleeve opening at wrist warning very tight sleeves plus  of the green shiny band detail was missed altogether by whomever sewed this particular one just left unstitched and long threads were hanging in several places this is by no means a quality piece and is severely overpriced on the positive side it is very cute and im keeping the replacement one but know that it is also delicate after one use there is a snag on the inside,Neutral,Negative
too small too flare nice thick fabric not my favorite pant,Negative,Positive
i love the look of this dress on model but sadly fit didnt work out very short waisted and tight across chest with very ample arm holes im   c reliably a size  this dress seemed at least  sizes off for me my daughter usually a size  could wear it except for the arm hole size and the fact that its  dollars and shes going back btw novelty print means ice cream novelty little popsicles with bites taken out  cute but more juvenile than i expected,Negative,Neutral
super cut but easily wrinkles eg i ironed it got dressed then bent down to tie my daughters shoe and the whole front bottom was super wrinkly i thought that itd go away but it didnt just got worse by the time i got out of my car at work front and back were noticeably wrinkled all day,Neutral,Negative
i thought this tank would be so cute and comfy for my daily walks but its completely see through  i sized down one size based on a review from another website and it fits ok but its hard to say if it runs tts because i have nothing to compare it to  if the fabric was a little thicker this would be the perfect tank  unless your planning on layering this i wouldnt recommend,Neutral,Positive
i am a true size small and i ordered this dress and it was way big its meant to be a relaxed fit but it sagged under the armholes because the bust was way too big some folks are saying it ran small and they are essentially the same measurements as me so it makes me think there is possibly some variation in each size i got on here to reorder in a smaller size but now am not sure what to do as i need a dress with in the next three days,Neutral,Positive
if youre pregnant congratulations this shirt is for you if youve ever dreamed of being an xxs this shirt is also for you im a d normally a small or medium but often size down to xs in swing tops the xs is ginormous on me although it fits through the shoulders i can hold onto the bottom and stretch my arms straight out at the sides its that wide think flying squirrel what doesnt show in the pictures is that it also has a slight dolman sleeve which makes it look wide at the to,Negative,Positive
i feel the same way about this shirt as i do about the sungarden tee its a lovely pattern and i like the fit its not clingy but its a bit seethough its not as bad as the other tee but no contrasting or patterned bras can be worn with this shirt unless thats your thing that said im happy with it because its a soft and pretty shirt that will get a lot of wear in warm weather i am very glad i got it on sale though i wouldnt have paid full price for it,Neutral,Positive
there is nothing special about this skirt its plain and incredibly dowdy looking long and wide i am usually between a small and medium after reading the other review that said the waist ran small i went with a medium it fit fine in the waisthips,Neutral,Positive
this was so unflattering the bust was too high so it hit me weird on the boobs the green was a beautiful vibrant color but the fabric is so delicate that one wrong move would cause a snag,Negative,Neutral
i was so excited to order this dress however once it arrived i realized that the fit doesnt work for me i carry my weight in my stomach and backside and the dress clung to my trouble areas,Positive,Neutral
unfortunately this one is going back the fit is very flattering and the underlying layer is very revealing in the back,Negative,Positive
the top is really cute but its see through and the material doesnt seem like the highest quality definitely not worth the price,Neutral,Negative
an absolutely gorgeous but poorly fitting blouse the bottom part is way too billowy and inconsistent with the fitted top half got it on sale and still returned it,Negative,Positive
"i tried this blouse on and loved the style comfort and color of the peach so much that i was preparing to buy it when i pulled the sleeve the fabric came away from the cuff i tested another spot pulling only gently and the same thing happened too bad since the color would have been a great addition for me 

buti also tried the blue and it gets  stars as the fabric is much better it too is adorable soft and did not tear on gentle testing the two blouse colors are made from different",Negative,Neutral
i wanted this top in a petite xs but it was sold out so i got the xs im  with a b bust and while the bottom comes down to my waist like on the model the sleeves are a bit longthey seem a little long on the model too i wore this to work and constantly had to pull my top back as the scoop neck kept drooping down as i moved around throughout the day really like the tie neck feature though,Neutral,Positive
going to alter shoulders straps by shortening for a better fit petite size would have fit better but was sold out,Neutral,Positive
this was not what i was expecting at all i am a medium in just about everything but ordered a large to possibly wear this as a dress instead of a tunic since i am around   the large fit like a small on me and not like a typical oversized sweater type small but a normal fitted top small a previous reviewer said it is long and straight and i think that is a good description for it i think the models wearing this in the pictures are all wearing an extralarge or a different cut of the,Negative,Positive
i usually wear small ordered xs and its still way too large quality not that great just meh returning it,Neutral,Negative
the fit of this sweater did not flatter my bodytype the top half did not fit well the armpit area was loose fitting and the neckline was awkward,Negative,Neutral
sooo disappointed with how flimsy this fabric is i think this is the thinnest of all clothing items i have ever come across anywhere in my life this is really a shame because the colors are stunning and it is a nice shirt style another con is if you have any bit of back fat it shows every lump and bump  i do not recommend unless you have a lean back and the cost was ,Negative,Neutral
this dress i ordered the ivory is stunning it is fully lined the belt adds a needed accent and the print on the fabric is gorgeous the fit though is another issue i typically wear a  depending on the cut and fabric of dresses and am pretty proportionate with my hipsbust i ordered a  in this dress it was enormous on the top and painfully tight on my hips and thighs the fabric has absolutely no give  it needs to drape perfect or it looks awful if you have any type of hip thigh,Neutral,Positive
this dress had so much promise from the picture i loved the midi length color and fascinating waist detail i ordered online so there was no way to try on before purchasing the fit was disappointing it fell in an unflattering manner at every point a tad too low at the waist a tad too long at the shin just kind of saggy all around bummed but this is not to say it wouldnt fit someone with a different body shape better the quality of fabric is nice and the color is lovely,Neutral,Negative
i havent worn the top yet nor have i returned it still not sure if i want to keep it i bought the slate color and it is a bland color also not sure if i like the fabric because the material feels like it could be a pajama top however it is a comfortable loose fitting top so for that reason i may keep it,Positive,Neutral
this looks cute on the model but was way too big loose and sloppy for me i probably needed a petite size i ordered a regular xs but returned it it is an okay black top nothing great,Negative,Neutral
i would have to wear a camisole underneath this which is odd considering its still two layered in the front i wanted an easy white shirt to wear not something id have to layer,Neutral,Negative
according to the sizing chart i should be an  or  i ordered a  but i could not get the blouse zipped up around the ribcage the one spot i dont keep any fat i brought it to the store to exchange for a  but i couldnt breath with the  on for reference i am ddd it was the  part that didnt fit the ddd would have fit fine i think,Neutral,Positive
i liked everything about this tunic except the way that it looked on me the fabric was great  not too heavy not too light the design was cute and i loved the colors i got the yellow it was cut well and a good length for me i am  that being said i am curvy and i felt like i looked even rounder in this top if i was  taller it probably would have been perfect,Positive,Neutral
this skirt looks cute online but it has several issues  the slit is very high this photo is deceptive look closelythe slit is actually to her finger tips you cant wear any kind of spanx or control top tights  slits on both sides so when you walk they fly away  the micro mini slip bunches  the fine knit is very snagable  the skirt is very long it is going back,Negative,Positive
pretty top i like the flutter sleeve design  the linen is thin too sheer to not wear a cami underneath the white  nice for the sale price  can easily be dressed up or down,Neutral,Positive
i received these as a christmas gift they are really cozy warm soft and super comfortable however they stretch out a lot as there is no drawstring or elastic on the waist band this leads them to poof out a lot and i have to keep pulling them up this is fine for hanging out around the house but not if you want to wear them out and about im keeping them because theyre so comfortable but beware how much they stretch i am   lbs and the size small fits well,Neutral,Positive
dress cut was great but the collar was so oblong that it looked spaceage,Neutral,Negative
im  ft   lbs true size  and these pants made me look like i had boy parts super disappointed,Negative,Positive
i bought this shirt immediately because of the pattern when it arrived i was super confused its not a tee shirt like it looks like in the photos its made with cotton fabric with a tiny bit of stretch i ordered the xl because i have brought shoulders and e bras size and it fits like a x or larger i would say order two sizes down also it hangs like a maternity shirt i might order it once its on sale which it definitely will be but even then am not positive i would keep it,Negative,Positive
i tried this sweater on in the store i wanted to love it so badly as it is soft and feminine and would be a great causal layering piece however there are pockets in the sweater that are right on seam and they actually bubble out from the natural drape of the sweater not to mention unless youre built very narrow the pockets will fall at and accentuate hips and not in a flattering way the nice details are the feel of the knit the layered style with a cottony lined hood and faux lay,Neutral,Positive
the colors of this top are perfect for spring i love the embroidery and like the sleeves with the ties at the bottom what i didnt like and primary reason i may be returning is the elastic bottom it cuts off at an awkward spot on my waist and makes my top section look short and wide i am very disappointed about this as the rest of the blouse is gorgeous,Neutral,Positive
the fabric of this top is lovely the fit not so it does not fit as shown on the model the fit is very large around the middle and fits more like a swing top i am  slim build i ordered my usual size medium shoulders and back fit perfectly too much material around the middle had it had a straight cut to it as shown id keep it because it doesnt its going back,Negative,Positive
this is a beautiful top but the fit is odd its roomy and flowy in the bust and waist but the arms are disproportionately tight i wear a size  in all hd in paris tops but this one didnt fit anything like the others i wouldnt even know what size to recommend because its almost too big in the body while being too tight in the arms the lace and mock neck is beautiful though so im hoping to find someway to wear it comfortably otherwise it will be going back,Neutral,Positive
ordered size  it fits but pulls a tiny bit in the midsection also way too long hits below my knees the dress is beautiful crisp black color nice fabric great neck its also the kind of dress that must fit well to look good i had to return mine,Neutral,Positive
the wash on these jeans made my hips look twice as big that in combination with the looser boyfriend cut was not flattering quality was excellent denim was thick with the right amount of stretch unfortunately they had to go back,Negative,Positive
i love tracy reese dresses but this one is not for the very petite i am just under  feet tall and usually wear a p in this brand this dress was very pretty out of the package but its a lot of dress the skirt is long and very full so it overwhelmed my small frame not a stranger to alterations shortening and narrowing the skirt would take away from the embellishment of the garment i love the color and the idea of the style but it just did not work on me i returned this dress,Negative,Neutral
i think this blouse would work for petites it is super short and boxy looked nothing like the fit on the model sad to return it love the print,Neutral,Negative
"i love this dress the only issue is i ordered online and it came from a store location not the warehouse so it came dirty on the bottom and wrinkled 
once i washed it yes its washable it looked fantastic",Neutral,Positive
i ordered a size small i am  size  and the dress was a mini on me way shorter than on the taller model the stomach and hips gaped out from my body yet the waist was cut way too high so the dress was both too small and too big very odd fit the material is soft thick stretchy and has a textured pattern which i liked this one is going back,Negative,Neutral
its not totally apparent in all of the photos but this dress does have a very noticeable asymmetric hemline i have read other reviewers that have said this dress is forgiving and a good choice for people with an hourglass frame if you are truly an hourglass small waist larger shoulders and hips due to bone structure rather than weight this dress is a poor choice the fabric of this dress tends to cling to the outermost hip and the asymmetry of this particular hemline not only draws,Neutral,Positive
i love these jeans they are really cute and comfy however they are way too long i couldnt believe these were a  inch inseam but i measured them and they are i am  and put on a  inch heel and they were still dragging on the ground  these will have to go back as i dont think the same look can be pulled off if they were hemmed,Neutral,Positive
this looked more fitted on the model the xs was still boxy on me but i loved the eyelet hem so much i kept it,Positive,Negative
i want to love this shirt i really do but its huge the top is tentlike which would be adorable with skinny jeans however the length of the back dips so low the top kind of reminds me of pajamas the color is beautiful more like a light grey heather and the white piping is like a shimmery ribbon material overall the top is cute but it dips too low in the back and the bow weighs down the back of the shirt so it makes it hard to adjust it in the front sadly its a return,Negative,Positive
so the dress is interesting has an asymmetrical wrap look short sexy length im  and the petite barely covers my assets and a neckline that implies sexy without actually displaying the girls it crosses over and stays closed but looks sexy and plunging but the shoulders are what make it look matronly theyre wide from neck out to the outer edge of my shoulderupper arm they show no shoulder at all which is really an odd design when the rest of the dress is sexyish i looked back,Neutral,Positive
this has a sparkle that you cant see in the pictures i returned it the design is cute but not worth the price,Neutral,Negative
this is a really nice quality dress it is a lowcut vneck but the fabric is form fitting so its not revealing when u move i love the top part of the dress but the skirt just did nothing for me its a soft material but the skirt almost resembles a bath towel in look and feel i am petite in size  lbs i will be returning due to the skirt being to loose on me in width rather than length also the center pleat of the skirt makes it look a bit odd the skirt hit right at knee height,Negative,Positive
i am about   lbs and usually wear between a small or a medium i ordered a small as another reviewer did right when i took it out of the packaging i could see that it was going to be much shorter than you can tell from the online photo i knew the sweater was going to be cropped but it falls right at the top of my hip bones when i raise my arms up my whole midriff shows did not flatter my athletic build at all the fit around the shoulders and chest is fine skimming but not tight,Neutral,Negative
i was excited about this dress because i love the colors and print the dress has no shape though and not in a good way its not flowy enough for the look of a shape dress but its not fitted enough to be flattering,Neutral,Positive
i got this top planning to wear it with the sleeves up rather than off the shoulder like in one of the photos my regular size medium was way too large so i went down to a small however the collar was still too wide for the sleeves to stay above my bra straps back it goes if youre looking for a strictly offtheshoulder top you might like it color is deep blue and the cotton is a nice weight,Neutral,Positive
i was expecting this to be longer nothing wrong with it i will be returning it because it was a little short,Neutral,Negative
i usually love tops like this i bought this is the store because if was so soft got it home and was so disappointed because it is not very flattering at allwould be a great house top though because it is soft enough to sleep in,Negative,Positive
"why is it so difficult to find a shirt that doesnt expose half of my bra if i lift my arm 

this is cute beyond the arm hole issue but overpriced going back",Negative,Neutral
loved this dress and ordered it based on glowing reviews ordered size large because i weigh  pounds and have a large g bust the dress skimmed nicely over my body but the baby doll style fit loosely and made me look really wide from the side i probably could have sized down for a better fit but it might have just emphasized my bust the fabric has a substantial weight and its lined best as a fall winter dress the embroidery is beautiful i disliked the intense black color around my f,Neutral,Positive
i love the way this dress hangs straight down on the model but on me it looked tacky  im  and  lbs and this dress hit me in all the wrong places  i got a size small sizing up would be huge in the top of the dress and the arm holes are already dangerously large  i wish this were just a little bit aline  instead its literally like someone just extended the length of a tshirt,Negative,Neutral
i was so excited about these pants but they were a total disappointment in person the fabric is a rough gauzy texture the bottom has a big hem that weighs down the pants and makes them hang funny like you are walking on stilts or something they do not hang or move well on the body also they are very long but small in the waist and have a high crotch so the fit is pretty off sadly these are going back,Negative,Neutral
i purchased the blouse in both the ivory and black the black i decided to keep because it will go with anything i was hoping the ivory blouse would work but its thin and see through if someone could please tell me where i could find a casual white or ivory blouse that is not entirely see through i would greatly appreciate it,Neutral,Positive
color was a perfect match for the linen slacks i wanted to pair it with however the top was way say too big so ill be sending it back,Positive,Neutral
im always looking for pieces that would good for either layering or worn alone this looks cute on the model but when i received it its actually very flowing i wanted more of a straight cut doesnt work very well on my body im   lbs d its going back,Negative,Positive
this had a cute design but an unflattering fit for me  it was boxy and made my boobs look droopy,Negative,Neutral
the pattern of this skirt is adorable and looks better in person but the fabric isnt the best it feels like an elastic fabric and is way to volumous overall not my favorite,Neutral,Positive
im on the shorter  side of the spectrum and usually wear an xs in retailer this is a lovely suit but it didnt work at all for me it might work well on a taller person or someone who is longer waisted the ruching and fuller cut leg was not flattering on me at all it was very tight and pinched sadly i returned it,Negative,Neutral
i got the ml and its huge usually wear a large so size down its a striking top but i decided not to reorder because i dont really need another short sleeve top i tried it under a cardigan and of course it looses its appeal because you cant see the floral design had to return,Neutral,Positive
i had a few pairs of these highwaisted beauties last year and love them so i was thrilled to see them in this adorable pattern which is even cuter in person unfortunately the cut is different the sides covered here by the models hands flare out a bit which is the function of the sectioning that the piping accentuates the top is not the definitively highwasted height from last year i dont own anything else highwasted being an apple im generally a lowrider owing to a small hipsbutt,Neutral,Positive
i have a curvy figure and this top is not for me it fits loose at the top and is tight at the bottom it is also short i think this top works best on slender figures,Neutral,Positive
i read all reviews and i decided to try as the price was great first of all i am   lbs athletic build not skinny but have muscles the sweater fits great just like glove it does not make me look fat the quality is greatsweater is warm cozy and wellmade i am not sure about color as its brighter as it shown it is not quite coral its a little bit darker which will make it difficult to match it with the sleeves run small so if you are taller then me just keep it in mind th sw,Neutral,Positive
i tried on this top and it looked fine until i tried to move you cant lift your arms i tried on a larger size but still felt like the movement was limited in the back and arm areas,Negative,Neutral
im  about lbs and ordered a size  the print on the fabric is as expected but the shape of the dress and fit were not good at all i probably would wear a  instead of the  but could tell that even if i had the  the cut of it still wouldnt be flattering on me at all it was baggy in odd places and had no shape the outer fabric is very sheer and see through and the lining is nice with a fitted slip design,Negative,Neutral
i waited impatiently for this item to come in stock and when it did i had it overnighted because i was so excited to receive it its hit or miss with me as far as retailers mediums and larges depending on the brand i generally err on the side of caution so i ordered the large it looked cute out of the package but when i put it on i was terribly disappointed it flared way out at the bottom and was not as fitted through the waist as on the model this could have been the large sizing but,Neutral,Negative
cup size is really small for a medium no way to adjust the back strap ended up giving it to my daughter cute but so poorly executed,Negative,Positive
dont judge the sweater by the model its an unattractive ensemble the sweater is very pretty on its lightweight with a cute design on the back i wear with skinny jeans or leggings it runs a bit wide at shoulders but im petite so it could just be me also it says dry clean i think but i put in a mesh bag and washed on delicate cycle by itself then laid flat to dry and it was fine,Positive,Neutral
i like flowy tops because i have a bit of a belly and i like to camouflage it but this top was really flowy the fabric is great and the embroidery is beautiful i was hoping for this to be a holiday staple this year it has to go back though just too large i dont love it quite enough to order a size down,Negative,Positive
i had high hopes for this dress but my husband said i looked pregnant and that i was wearing a tablecloth and he was right im usually a size  so perhaps this would look good on a talk lanky person with a very long torso but probably not way too much fabric around the midsection its a shame because the fabric was really pretty but too stiff a hand to drape well,Negative,Neutral
this jumpsuit is gorgeouson the right body if you have a tiny rib cage and a flat stomach and an average to short torso this may fit you beautifully on me the defined gathered area you see in the photo was very tight and hit me in an odd place the fabric is a great weight and it is a beautiful and rich looking i really wanted this to work out for me as for size i found it just a little tight in the hips waist and rib cage,Neutral,Positive
"i recommend this product but with the following reservations 

the dye from the product colors my skin every time i wear this outfit i love the fit and make of the jumper but i hate that my skin looks blue by the end of the day this is still happening after several washes which makes me feel disappointed it will dye your undergarments so choose wisely",Negative,Positive
finally received this in the mail today and was very disappointed i am swimming in the xs  lbs the colors are much more vibrant that shown in the pics  the green is a bright kelly green the red is much more red than rust colored etc and its a sweater coat for the price i was expecting it to be lined and higher quality i dont doubt that it will be warm but cant justify the price its going back to the store,Negative,Positive
this dress arrived with a black rope belt and belt loops i did not see this in the photo i thought it was a throwonandgo dress not a belted dress this in addition to the weird sizing caused me to return it i am a size  in dresses and the size small i ordered was skin tight and bunched at the hips,Neutral,Negative
this is a lovely dress but much more casual than i thought from the picture the material is very thin and casual i needed a dressier dress and i didnt need another casual dress so i sent it back but it would be fine if you want something casual,Neutral,Positive
i am a proportionate   year old and thought this dress would look great its aline and looks a lot like the kind of dresses that usually fit me nicely i bought it in an p which is my normal size the hips were a little too big but not bad the top part however was enormous the cut in the shouldersneckline was way too wide the lace sleeves were way too big there was too much room in the bust my c cup was inadequate etc this dress would look nice on someone who is thickervol,Neutral,Negative
i loved this top when i saw it online and ordered it right away however the fit is way off i am always a size medium always but i was swimming in this and had to return it even if it had fit i wasnt thrilled with it i thought it would be something i could dress up especially with the lace detail but instead it looked really frumpy i would recommend this top as long as you know to order a smaller size and are looking for something a little more casual,Neutral,Positive
this dress ran largemaybe because the pleats made this dress too roomy the dress hung on my right shoulder but the dress did not hold up at all on the left side of my body maybe because i have a short torsopetite frame i loved the yellow color for summerit would have made for a nice dress to wear for a wedding unfortunately i had to return it,Negative,Neutral
dont buy this dress unless you are normally a medium or larger order it one or two sizes smaller than your normal size i ordered an xs and its more like a medium or large,Negative,Positive
the top falls nicely great quality the lace is beautiful however the sleeves are too wide and puffy the top is voluminous and i wished it had more form fitting sleeves to balance this out the top does not look flattering on me so i will be returning it,Neutral,Positive
although i am small size xs on top  waist this dress is not flattering if have any fat on your bodyi would not recommend it,Neutral,Positive
i typically do well with jumpsuits but this one did not work i am smaller on top than the bottom but not by much i got the xs and it was tight in the calves and short in the waist but the top fit perfectly maybe a s would have fit better but i got it on sale and s was out of stock it defiantly did not look like it does on the model  i am typically a size  the material is really nice i was hoping for a jumpsuit that could be casual an covered since most jumpsuits tend to show more skin,Positive,Neutral
i ordered a size smaller prr other reviewers but that still didnt prepare me for the sweaters issues it looks really cute but the quality is pretty horrendous i wore it for the first time today and already the sweater is pilling a lot on my back seriously heartbroken,Negative,Positive
i expected to love this since i usually look good in this style of jacket its definitely comfortable and the fit was fine but i really dont care for the wooden buttons and the overall look was just meh its going back unfortunately,Neutral,Positive
doesnt feel like cotton jersey feels like a thin version of the seamless cami its not soft as i expected its much thinner than expected too,Negative,Neutral
this sweater is the perfect sweater except for one thingit sheds everywhere i can simply pick up the sweater and shake it in one hand and  large pieces of lint go everywhere on the ground and on you if you like dark jeans dont purchase before i walked out of the store the salesperson had to use a delineator on me it was hysterical sheds so much,Negative,Positive
i thought this dress looked so cute and comfortable and was excited to try it on and i was majorly disappointed it was incredibly unflattering in every way as a few of the other reviewers mentioned if you have any sort of bust the dress will not hang nicely the waist band was too high up and made me look pregnant im  and curvy and usually take a lg in retailer but thisewww i will say the color and material are gorgeous but im guessing this is the type of dress that would look bes,Negative,Neutral
this cardi is cuter in the stock photos in person the colors are a bit more drab stock photos also dont show quite how much of a swing shape this has it is very soft though returned it,Negative,Positive
i usually like coats and wraps with highwaisted belts but this way too high and the fit was really unflattering i can see it being chic on a tall slender person but its definitely not right for my short curvy body returning it today,Negative,Positive
unlike the other two reviews  i found this dress horrid i ordered a xs since i am between that and a s it was just too much fabric for me  i have a small frame so it was just so overwhelming the armholes were big and i felt like i had a bag on me colors were nice and fabric was soft and light the belt made no sense as others have said length was good i tried it on as soon as i got it and couldnt take it off fast enough i literally ran to the post office and back it goes this is my,Negative,Neutral
the image online doesnt depict this blouse well my complaint is that the sweater portion looks crooked and shrunken where it has been cut at waist level and the ruffles have been attached at the hips maybe i received a flawed piece either way ill be sending it in for return,Neutral,Negative
well made made my hips looks giant just not my style unfortunately id have to work at preschool or on a ship to pull this off im  lbssize  i got the size  not petite cuz they were sold out,Neutral,Negative
beautiful fit love the style  fabric somewhat thin but didnt bother me thought a little expensive however but im keeping,Positive,Neutral
this dress was too cute to pass up i loved it online but when i got it home it was so tight i couldnt zip up my normal size the length was perfect on me being  the fabric and detail was beautiful if you have a bust order a size up beautiful dress just really snug up top,Negative,Positive
theres just nothing special about it it runs small and the fabric is itchy the design with button caught my eye but i didnt like it well enough to keep it,Negative,Neutral
this dress is just very unattractive it is quite shortwaisted almost empire and so the pockets hit in an odd place also it is very long  midi length  and the skirt is very wide the effect is matronly not cute at all sizewise it fit true to size and it is a nice medium weight denim and the construction is good,Negative,Positive
i am normally a size medium or small at retailer depending on the bust and could not even get the medium in this top past my neck it runs very small unfortunately the size large was not in stock for me to try truthfully i might have needed the xl in this  it runs that small for reference i am   lbs dd also the beading on the top i tried was coming loose and some was already missing seems to be a common fault based on what other reviewers have said,Positive,Neutral
i love this shirt but it was huge i ordered a small and i was drowning in it unfortunately i had to return it,Positive,Negative
these are my all time comfiest shorts and i am obsessed with the lavender color sadly using free and clear detergent on a cold delicate cycle made the color turn splotchy and they are unwearable this happened once and i exchanged for another pair but ill be returning this pair ill be sad to see my favorite color go but there is obviously a defect in the dye used maybe ill try another color,Negative,Neutral
do not under estimate the boxy shape of this it looks kind of like a hospital scrub i think with this top the styling is key the sleeves are long and boxy and the neckline is somewhat of an oval so for me this wasnt a top i could just throw on without doing some outfit editingi styled this with a dark high waisted skinny jean which i tucked the shirt into and some red heels and i was ready to go anyways the material was great it was a silk type polyester that didnt seem to be static prone,Neutral,Positive
i ordered this dress in my usual sz  it seemed to be tight on the hips  then i tried the next sz  and it was tight because i realized that the lining was very sticky and would bunch up underneath making the dress look defective on me not for curvy on bottom i think if you are more slim down below this will maybe work but i had to return for this reason i was considering cutting out the lining because it was so cute and i really liked the look of the dress if it goes on sale i may purch,Negative,Neutral
i was so sad not to love this dress it is beautiful but is so unflattering on there is a lot of material under the arms and it gathers up due to the smocking so it just made me look incredibly frumpy i dont really think a petite would have helped  the gathers just bunch a bit and so rather than hang the dress sort of clumps i am lean but broad shouldered and maybe that is the problem but i was super disappointed narrow shouldered people with long torsos could pull this off it is a t,Negative,Neutral
im a bit disappointed in this top im keeping because retailers shipping rates are obnoxious and i dont have a store near me by the time i pay for shipping both ways i could have paid for  the shirt the loft has some very similar tops for about  the price i love meadow rue and their material is fabulous but the design is off on this one you cant size down because the armholes and top are fitted but the bottom is a tent not my usual style as im short with a short waist this,Neutral,Positive
this runs super big and it just wasnt flatteringway too much fabric i wanted to love this dress,Negative,Neutral
i took this too to the register thinking it was marked down to same price as another tee by the same brand it wasnt so i ended up paying way too much for a thin tee will probably return,Neutral,Negative
i fell in love with this dress but when i received it in the mail i was really surprised to see that unlike the picture online the slip underneath is a nude color it fit well and i decided to keep it i wore it for the first time today and felt great in it i was driving with my son in the back seat i turned to hand him something and the entire right side of the dress where the crocheting is ripped open i cannot believe how poor the quality is at this price,Negative,Positive
i agree with the other reviewers i ordered  of these but had to return both because the zippers didnt work when i returned them the saleslady said many people had problems with them,Positive,Neutral
the color and fabric of this item are so appealing and i think this is a great piece for the right person the fabric is beautiful but also much thicker than id imagined from the photos it has a quilted quality so doesnt drape very well and is just too much fabric for me around the arms i typically wear a size  and ordered the large i think a medium might have been better havent decided yet whether to exchange for m or just plain return has an artsy cool professor vibe that i like,Neutral,Positive
"as you can see there is an array of differing opinions on here and i share sentiments on both

pros
 the texture and feel of this is great it is very comfortable and is different
 tts for the most part i normally can wear sizes  and  m and l with most retailer and got the medium and the fit was overall fine but more snug at the hips if youre more slimstraight itll probably fit you like on the model 
 good length not too short or too long
 the mock collar is ni",Neutral,Positive
beautiful color and softness very warm but the front is way too much material it just wasnt flattering the way i wanted it to be perhaps on a taller woman this would work,Neutral,Negative
this beautiful blue sweater was exactly what i wanted,Positive,Negative
the beadwork is gorgeous but the sleeves are so puffy it looks as though youre wearing shoulder pads the fabric of the shirt isnt that fabulous either,Negative,Positive
this romper was so cute and with the great reviews i thought i needed to try itbut once trying it on i realized it was an odd fit there is not enough fabric to make it look as relaxed as it does on the model also the sleeves were a bit wider than they look in the picture would probably work well for someone with a petite figure,Positive,Neutral
im  and this top was too long for me its pretty but expensive for what it is,Neutral,Positive
this shirt seemed to run really small especially in the chest im debating exchanging for a new size bc this was really cute but im not sure if i need to go up  or  sizes it was so tight,Neutral,Positive
the models pose and description are misleading this top has absolutely no shape to it the front of the shirt is kind of like a slub shirt texture plain black the back print is nicejust more faded than shown in picture the entire design has no form it is huge also cheaply made,Neutral,Negative
nice fabric very versatile but the knit top and style accentuates your bust probably not an issue for most but if your a d or up its more attention than you may want,Neutral,Positive
wish this worked for me i am  it is much shorter than it looks in the photo and the pockets did not hit my hips or torso in the right spot the neck was kind of tight on me too i love the idea of this dress but need it longer the dress is very roomy overall,Neutral,Positive
i found the dot print in the store and though the pattern was cute but when i tried it on i just had to wonder  who actually looks good in this style it fits like a sack big and puffy in the middle but tapered at the hem it creates the exact opposite on an hourglass shape genuinely puzzled that anyone would look good in this style to bad i hope they use these cute colors and prints on a style with some waistdefinition next time,Neutral,Positive
guess i shouldve looked at the pictures more closely i ordered the white version and in the pictures you cant see that the sleeves are split  and it barely shows in the picture for the blue version it also wouldve helped if the detail of the sleeves were noted in the item description anyway i will be returning this top because i dont like the way the sleeves look each time i bend my arms looks a bit piratelike to me,Negative,Neutral
so i want to start off by saying the quality of this shirt really was great as was the pattern unfortunately if youre going off the picture know that they definitely pinned in the sides on the model this shirt has a full on triangle shape and flares significantly towards the bottom its not a straight fit as the picture would suggest im sure this works for some women but if youre muscular with an already vshape to your body meaning your shoulders are significantly sized and you have,Negative,Neutral
i ordered this in both the white and navy colors  navy being what looks like an ivory background with navy spots when i received the blouse the background on the navy is actually a light greybeige color that makes the whole top look kind of dingy when ordering the navy version be aware that the product images dont show the true background color on the top,Neutral,Positive
i cant decide on these pants after trying them on in the store they are very soft and a beautiful blue color however i found them a bit small i usually take a l in retailer pants and these are very tight probably could pull them off with a tunic top however in spite of the fabric the fit was just not comfortable for me a good alternative for denim if you are slender rather than curvy,Positive,Neutral
this shirt had everything going for it  the cut the length the fun texture but when i stepped into the light it was totally see through i dont want to have to wear another shirt underneath this one is going back definitely not a swing but still cute,Neutral,Positive
i agree with the other reviewer the concept of this is fantastic but sadly did not work for me first of all it runs so small i normally wear a  and ordered a  and i still had a hard time closing over my ddd chest but i am abnormal anyways the peplum i wish was a little more subdued like in the photo maybe its because im so curvy but it just didnt work for me sadly its going back,Positive,Neutral
i wanted to love these jeans but as a woman who is almost  there was way too much stretch in them i am always a size  and i couldnt wear these they were way too tight they went back the next day i will say it could be my body type im a runner so my legs are muscular if you have very thin legs these could be great and work for you i loved the color dark blue,Negative,Neutral
the fabric is thin though you better wash it in a bag or the washing machine will tear it up,Positive,Negative
this top is very nice good quality good design it just doesnt fit me well i have a large chest and this is a tad fitted at the top especially around my shoulders while the lower half fits due to the pleats the fit seems inconsistent at the top and bottom i am fullfigured perhaps it would fit a leaner person better,Neutral,Positive
im a bcup who hates traditional underwire bras so i was excited to try this one out while i appreciate that this bra has more structure and support than other wireless comfy bras the cups provided too much coverage for my style if you want to wear a shirt with a wide neck or do a cute offtheshoulder thing with your shirt the top of the cup shows bummer,Neutral,Positive
fits large wrinkles easily and not what i expected for the price,Negative,Positive
im keeping this dress but its going straight to the dry cleaner because right out of the bag it has a very strong chemical smell like it had been stored in a gas station then im replacing all the buttons the fabric is a thick eyelet folded over with these teeny thin shell buttons that are a complete design fail two were broken right out of the package also im a size  in most retailer dresses and this dress has plenty of room in the waist almost too much space but the top i hav,Positive,Negative
the pink version of this top finally arrived  nearly  months after ordering  the expected delivery date kept slipping  the color is not as shown online  online it looks like a light pink  the actual top was more of taupe color  its a basic tee with pretty ruffling at the bottom  not enough to keep,Neutral,Positive
i ordered a size  in the orange it ran a size smaller than normal size  maeve tops the quality of the material was terrible it wrinkled and was also so thin that you need to wear a tank underneath that messes with the look of the lace on the top the color of the orange was gorgeous,Negative,Neutral
i loved the way this shirt looked when i tried it on in the store buto when i got home i realized its extremely sheer you cant wear a white bra with it for example because it will show through taking it back,Negative,Positive
i tried this dress on in a  and a  a  is a little small for me but it looked so loose and flowy i thought sizing down would be a good idea the  fit in the outer layer however as the previous poster mentioned the lining is super tight i couldnt even pull the  lining down over my hips the  was far too big in the shoulders and arms and still too tight in the lining not sure what when wrong here but its a shame because its a really cute dress,Negative,Neutral
i love tunics and really wanted this to work i got this in a size s and it is absolutely gigantic everything else about it is great and i still havent decided if i will try to swap it for an xs which is definitely not my usual size which is usually m but often s at retailer the pinkred color was quite pretty if you have broad hips fear not  you can size down and this top will still be generous around your hips basically if youre deliberating between s and m for this top get,Neutral,Positive
i thought the dress was ok but was surprised by the cut away triangles of material right under bra band on the sides of dress i will send back also a bit too high waisted for me other than that the dress is as it appears,Negative,Neutral
runs small arms very short and hits in the wrong place across your chest would not recommend,Negative,Positive
i loved this dress especially because each flower appliqu was so beautiful however each attached to one another by single threads given that i wear lots of rings i could already tell that i might snag these beautiful flowers additionally the appliqus are sewn so close to the back zipper that some of the flowers were already getting damaged from the dress being tried on overall if you are very careful this is an amazing dress but i did return it because of its delicate nature,Neutral,Positive
i ordered this in an xs which is my normal size in retailer tops the stitching and detail on the straps is beautiful but they were also somewhat tight across my bust and across my back it puckered in a strange way that wasnt flattering back it goes unfortunately,Neutral,Positive
loved the design and quality of this suit but the cups seemed huge i weight lbs  and wear a c i bought a large in this suit because other reviews said it ran small normally i wear a size medium i did like how it fit everywhere expect the chest im wondering if the medium will still be too large in the chest and hoping the rest would still fit okay not sure i want to go through the hassle to exchange and it not fit again its so cute otherwise and would be perfect if you have a la,Negative,Neutral
i was looking for a shirt of this style i thought it was very cute but it is not red as advertised it is really a brick orangey color which is definitely not what i wanted very disappointed sent it right back,Neutral,Negative
i found the color to be a bit blah and the sweater is chunky and is a tad too short for wear it lands also because of its chunkiness it doesnt tuck in as nicely to a pair of jeans as it appears to on the model,Neutral,Positive
i was so excited to try these its hard to find cute bermuda shorts the legs were so wide my husband asked if i was wearing his shorts they dont look that wide in the picture i am  and  lbs i bought my regular size  but the waist was huge i could have sized down one or two sizes unrolled they came to my knee,Negative,Positive
im sure theres someone out there who will look good in this but it certainly wasnt me admittedly im a less than ideal body type at a curvy  tall still for a taller person this shirt runs short for a curvy person this does nothing to accentuate a waist for a short person this pattern is very busy even if the colors are beautiful for a busty person the gathers around the chest make for a very frumpy look and even for a short and thin person this shirt runs too big to get a good fit c,Negative,Neutral
i am  and the neckline barely covers my bra  would have to wear a cami with it the fabric is soft and the colors are very pretty but the neckline is too low for me for a casual top,Neutral,Positive
love the top but very small to the size ordered a medium and had to send back in exchange for xlarge,Negative,Positive
i was very excited to receive these pants and wished they had worked out as the fabric is structured and yet comfortable however while stretchy they looked very tight on the thigh and yet were too big in the waist i will acknowledge im a runner with somewhat muscular legs but was hopeful these pants wouldnt cling to them for reference im  lbs and usually wear a size  in pants,Negative,Positive
these are absolutely beautiful pants soft and wearable right away but the other reviewer is right if you are average or short these will be way too long they wont even look like cropped pants just regular wide leg jeans i am keeping them bc i love the look and i will also have them altered to be shorter its disappointing that these were designed for the statuesque instead of the other  of us especially considering the amazingly high price for a pair of jeans so i guess i am di,Neutral,Positive
i saw that there was metallic detail when i ordered it but i wasnt prepared for the entire thing to be metallic it fit tts but wasnt what i was looking for,Neutral,Positive
"when i saw this online i wondered why this dress cost so much i have been keeping my eye on it for some time loved what i saw the design and colors and details at the neckline and waist along with pockets but was skeptical i was waiting for a sale to take a dive and here are my thoughts when i got it

pros
 the colors you see online are exactly the same in person
 the jeweled neckline is lovely its one thing that drew me to it this dress had a very sophisticated appeal wh",Negative,Positive
i love this top it was cool on a summers day i did get one of the strings of the design snagged but it worked out just fine not ruined at all,Positive,Negative
bells out to much i had to send it back,Neutral,Positive
i have been eyeing this piece for months now i broke down and bought it when they finally had my size in stock i am   and  lbs and have a very small chest so i ordered an xs i think the top is too baggy for me yes the top and bottoms fit overall but it doesnt look as nice and form fitting like it does on the model it is very sheerwhich is the thing that discourages me the most i love the concept of this piece but the execution could use some work which i am willing to work on s,Neutral,Positive
these run small i normally wear  on ag stevies and paige jeans so i ordered these in  and they were very tight otherwise very well made and super cute but i had to return them,Neutral,Positive
i should have known with the combined sizing but this is very wide even in the xssm its a beautiful sweater a thicker gauge of yarn than it appears to have and the pointelle holes are also larger than they appear it is fairly itchy if you dont mind that just way too big for my small framealmost falling of the shoulders which is not the look i was going for if you want a wide and boxy look or have a larger frame this could be great for you it is pretty and quite unique,Positive,Neutral
i got this jacket thinking it was going to look different on me while i ended up returning it it fit me nicely and was good quality it just wasnt the look i was going for,Positive,Neutral
it was quite a bit shorter on me than what it shows on the model who is the same height the pullon styling is a fail as i could barely get my head through the neck opening i was afraid it might rip a seam the fabric seems low quality like it would stretch out and degrade faster than others overall not the dress or quality i expected ,Negative,Neutral
really liked the color but the style was too cropped and boxy for me this sweater was short wide and unflattering however i like this designer so i ordered another style with a different silhouette,Positive,Neutral
i have a holding horses dress similar to this one from about a year ago  i loved the swinging fit without it looking like a maternity dress   the fit and style of this dress is wonderful its the color that killed it for me   i ordered the orange because i liked the photo on the model  when the dress arrived in the mail i could hardly take it out of the package and try it on   the color is almost neon orange   too much for this redhead  hard to wear that bright neony color  not sure,Negative,Positive
wish someone warned of the navy one being not as pictured i ordered the navy because the crocheted part appeared to be more intricate than the ivory in reality the navy knit is just like the ivory it seems well made but very delicate im not a fan of tops especially pricey ones that require a camisole but this top is a very retailer piece so most likely i will keep it just a bit disappointed,Neutral,Positive
i got this in the green color its a beautiful color soft to the touch i agree with other reviewers that it seems very delicate i dont mind drycleaning my sweaters so thats not the issue the problem is that a it runs huge  i got the small and it swims on me i tend to run between small and medium in tops  very unusual to have a small be so big on me and b the slits go even higher than they look on the model  they come up to the top of my waist even with highwaisted pants the sli,Neutral,Positive
this jacket is very cozy but i had to send it back i think it will be great on a taller person,Neutral,Positive
i was so excited to order this beautiful coat  it does seem well made and is very soft  unfortunately the fit is completely off and is overall large  i ordered a small as this coat appears slightly more snug on top aline on the bottom with three buttons  i am  and weigh approximately   i was expecting this coat to be bodyskimming  instead it was overall large and the bottom of the coat awkwardly flared  the  pleat on the back is unflattering  sadly going back,Neutral,Negative
originally bought the plaid version and retuned it to order this one in the store to get free shipping the fit is completely different i am a consistent small particularly in dresses of this style will be exchanging this for a medium which i hope will fit love the color and pattern,Neutral,Positive
for starters the back pictured on the website is not true to the actual back of the shirt the small traps are not there and it isnt gathered in the exact same way the big bow is adjustable and overall i really loved the fit of the top but the difference in design is not something i would expect from retailer my shirt also got a hole in it along the seam in the back after washing once although i liked the look of the top the quality is not what im used to from retailer,Neutral,Negative
dress is pretty i was disappointed by the slip which is too small like previous customer i am an inch taller than the model and i feel more comfortable it being a tunic with leggings nice but not nice enough to keep i am returning ,Negative,Positive
i read all the reviews about the fabric being see through but liked the dress enough to give it a shot it is soooo see through this trally could only be worn on a beach very disappointed,Negative,Positive
i really liked these jeans initially but by the end of the day the waist is really baggy the fabric stretches with wear and takes a wash to get back to its original shape,Neutral,Positive
love the design and the gold color but the seams between knit and lace were a little weird and bunchedwerent smooth maybe the one i tried on just needed to be ironed or something,Neutral,Positive
the dress is too loose and runs too big,Negative,Positive
the dress is really frumpy standing up something about the bottom tier of lace just turns it into a frumpy mawmaw nightgown the lace is really pretty though,Negative,Positive
i absolutely love the look of this shirt with the built in layering piece the overall garment is lightweight and not too heavy even with the added layer however this runs really large in general this brand runs large for me and i would say that if you are used to this brand you can stick with your normal sizing for this brand however compared to other brands it runs very large i think it would work fantastic for me in a different size it is not at all fitting so it would be more like a,Neutral,Positive
the design of this sweater is odd it made me feel very round when i put it on the sleeves were wide the other reviewers were correct in saying that its a thick sweater which i thought id like the torso was slimmer and longer than i expected it really was the odd design of the sleeves that made me not like this sweater,Negative,Neutral
very pretty top but like the other reviewers saidthe neck is very itchy i live in florida and i dont think i can wear this during the summer unless i get the neck lined i got an xxs p which was a little shorter than i would have liked so i am returning for xxs,Positive,Neutral
the front material is soft and cozy but i was surprised to find that the back and the arms were a waffle knit like long john material very thin and tight in the arms cannot wear a shirt underneath it only tank top other than that its a great deal,Positive,Neutral
if these jeans work for you youre a lucky girl the fabric is really thick and soft pocket detail is cool and the hidden multicolored button placket is a nice detail i ordered down a size theyre tight across my thighs and seem shorter than a  inseam the fit is boxy and not flattering on me but pants are so cute i may keep them anyway,Negative,Positive
i really wanted to love this top love the mix of fabrics and patterns but it is too short for a tunic length i should have paid attention to other reviews im about  and was not too tight in the bust and shouldersi have to return because the length isnt right,Neutral,Positive
this dress pattern and material are great  its just way too big i even tried an xs and it looked like a huge sack on me too bad it had some real potential,Neutral,Negative
on a hot summer  degree day the blue ink on the dress stained the dress and my new tory burch bag i would never have expected that the blue print would bleed all over me and my new dress great dress and such a wonderful fittoo bad its unwearable now,Negative,Positive
i was sad that this was only online because i wanted to try on the xs and small to compare i usually wear an xs in most antrho clothes and i decided to get an xs because i was afraid the peplum part would be large however when i got it in the mail the xs is too small i tried to get it in a size up but i couldnt find it its a cute shirt but it runs small even the length of the shirt is shorter than i would have liked if they had the correct size i would have gotten it but this shir,Positive,Neutral
this dress was so lovely in person but when i put it onooh la la it is short i am   and i would not walk outside in this dress without something underneath it just needed one more tier and i would have kept it for sure too bad,Neutral,Positive
"i wish i had read the reviews before purchasing online i love how this top looks online but when i tried on the small that i ordered it was comical so so boxy literally shaped like a square it must be pinned back on this model maybe if i ordered an xxxxs it would have workedor perhaps for a larger person it may look super cute
just didnt work on my slim build ",Negative,Neutral
i love the look of this sweater but just bought and put on at home and noticed  pea sized holes in fabric near arm holes but not on seams not sure if i bought this way and did not notice or if fabric is just incredibly delicate will try to repair but scated this will not hold up look it over carefully before you buy they kind of look like moth holes,Negative,Neutral
im a short girl but i usually wear tops in a small or medium at retailer for me i would have needed this shirt in a size at least one notch smaller than even offered this shirt is adorable love the details i wanted it so bad which is why i paid so much for a basic tshirt still it was large to the point of frumpiness and could have used some sort of scoop or vneck to break up the dots,Negative,Positive
i really love the fit of this dress i said it runs true to size and it really doeseven with the stretch fabric around the back and adjustable straps i would not recommend sizing down as i normally do at retailerthere is no stretch to the actual fabric on the dress id never bought anything by this brand before and i would say that the fabric is quite thin for the price of the dress and it is not lined im still hoping its not see through however for me the style makes up for,Positive,Neutral
much softer fabric than i expected wrinkles easily,Positive,Neutral
the design is gorgeous the fit is great and the fabric drapes beautifully and is very comfortable however its extremely see thru,Negative,Positive
this is a darling little sweater it is well made and the fit is true to size however its just not long enough on me to be a top which is what i was hoping for  i thought it would be pretty with some high waisted trousers in a sort of s style but its way to short on me for that even with my highest waisted pants and skirts it shows skin  i think it can really only be worn as a shrug over a dress or something  that explains why the model looks hunched over in some photos  im still,Neutral,Positive
absolutely love these pants i have had these pilcos for about two months now and it has been a staple in my fall wardrobe i have worn them at least once a week the only downfall is the button has already fallen off and the seam in the knee has recently torn apart given the leather im not sure if they can be fixed these are fabulous but the quality is just not there very disappointing,Neutral,Positive
"this dress looked great on the hanger but once on it did absolutely nothing for me

navy is one of my most flattering colors but the navy in the dress did not make up for the yucky second color that was so blah it just reminded me of dirt that second color made me look drab

i am  with a long torso and wear a size  in tts tops and dresses but the waist on this dress hit at an uncomfortable spot between by waist and ribs i really needed the waist to be dropped further or higher",Negative,Positive
i was so excited about this dress but when i got it there were several issues i had with it the neck is just too high for me and the skirt is too pleated and makes my hips look wide i was hoping for more of an aline cut gorgeous though wish it worked,Positive,Neutral
very cute top and nice material but the fit is strange theres a reason that the model has her arms at her side the shoulders fit perfectly in my usual small but the body is very loose the sleeves are full probably twice as full as seen in the pictureswhich adds interest but was unexpected also the arm hole is wide so the bottom seam of the sleeve attaches low on the body of the shirt which creates an awkward silhouette i normally love designs by whit but im not sure about this one,Neutral,Positive
this is a beautiful lined jacket with a much more structured fit than a typical kimono it hit me at the high hip not low hip as shown on the model given how structured it is i dont think the one size will work for anyone larger than a small if you want a drapey kimono fit,Neutral,Positive
i really wanted to love this but it was just too voluminous to be flattering i am typically a size  or  in dresses and jumpsuits and the medium was billowing around me alsothe elastic waist hit me low and bunched in an unflattering way it had to go back,Negative,Neutral
so much right but thentoo short,Negative,Positive
 c  jeans  dress ordered a small and a medium never tried on the medium the small was a little big in the waist but what threw me for a loop was the chest huge could work if its meant to be blousey but the armholes were massive if an xs is returned i might give it a shot but i cant imagine what women who are smaller than me are going to do in this jumpsuit great color transitions into fall easily cannot be belted or wear a camisole due to the opening at the stomach sh,Neutral,Negative
i bought the xs regular and it was a little too long and wide i was unable to find a petite version in the store or online the ruffles were also bigger than how they appear on the model i am  tall and weigh  lbs i believe the petite would have been a much better fit i regret not discovering this top sooner when more size options were available,Negative,Positive
this bra runs very small and is hard to get on and off i think if i went a size up i would be happier,Negative,Positive
cute shirt it looked big so i ordered a size smaller worked fine would have liked the option to go even smaller so i would suggest ordering down ultimately too baggy on my frame so sending back fun shirt though,Positive,Negative
i love everything by cloth  stone so was excited to see that they made a dress hooray i ordered it in the xl which is my usual size in their shirts when i tried it on i was so sad to see that it barely fit around my tummy and hips i am a true size  and the xl just barely gave me enough room to move my chest also caused the dreaded button gape it is clear that they cut the dress for people with a stick straight figure so disappointing,Negative,Positive
ditto what the first reviewer said unfortunately i was so looking forward to receiving this dress but the one received is not the one in the photos the graphics are fantastic  still love the boats but the top is not the same and theyve added a fabric belt to the finished dress the fit was perfect except for gapping under the arms similar i suspect to what the first reviewer reported i was also surprised by the fabric based on the photos i was expecting something light and semi trans,Negative,Positive
three strikes and retailer is out for me i am so disappointed i really liked this dress and was looking for a fun distinctive new shift dress got it tried it on took it off went back to look at the listing onlinenowhere does it mention that it has a dropseam in the shoulders i guess you can see it if you zoom in closely on the image but its not mentioned in the text who on gods green earth actually looks good with a dropshoulder it hits every woman under  right in the middl,Negative,Positive
love this top its pretty unique and well made i did size down to a small for reference and still have a slightly oversized look,Negative,Positive
"i am a dd  in tops and  in bottoms

i tried both the navyred pattern and the green polka dot color and patterns on both are gorgeous the fabric is very comfortable and a nice fit on the bottom half size large fit perfectly in the waist however i had gapping across the bust size xlarge fit ok in the front of the bust but was loose in the back gapping at the neck and the waist was very loose cute and comfy but only recommended for smaller busted gals",Neutral,Positive
i love ag jeans i own several pair and i think they wash well and wear well that being said id never purchased a pair of the stevie cut before they have the same quality one would expect from ag and i like that the ankles arent true skinny jeans but have a little width its more ontrend for this season for me the issue was more with the color i order pink when they arrived they were beautiful in the little plastic bag my heart skipped a beat hooray cute new jeans except w,Neutral,Positive
theres a reason the model is holding her arms up in all the frontal views it hides the very weird wide top part of the sleeve that absolutely destroys and distorts an otherwise beautiful blouse the print is lovely but the fit is very odd its pulls at and is very tight through the bust too i wear medium or large and ordered size large if youre less well endowed this might be an okay choice for you but i have to say this blouse made me look overweight and very wide returned,Negative,Neutral
i wanted this dress so much i ordered it twice both times the zipper was defectiveit would get stuck midway up at the waistlineso i had to send it back there isnt an retailer in my area this is a shame because its got great colors and looks flattering on and i was looking forward to pairing it with a cardiganboots for fall i even thought about taking it to a seamstress to have the zipper replaced but the cost didnt seem worth it too bad as it seems like it would be a nice,Negative,Neutral
these run very large  i wear a  or  in paige jeans and the  in these shorts were way too big  i fear if i got the  they would be a little short,Neutral,Positive
i was very excited to receive this dress i ordered my normal size small which i should have realized was a mistake you could fit two of me in that size small i realize the dress is supposed to be flowy but it would have been baggy on me at nine months pregnant the fabric is soft and comfy and the pattern is cute but order at least one size down im going to exchange for the xs in hopes of it not resembling a short muumuu,Positive,Neutral
i was so smitten by this shirt when i saw it online i love embroidery and purple is my favorite color i am a size  and decided to order an l the shoulders fit well but the rest of it was hugelike another reviewer saidlike a maternity top i would also concur with the reviewer who said  what takes away from the lovely purple flowers is the blotchy moss dye finish on the fabric this is so true the embroidery does not stand out  is not highlighted like in the photograph they hav,Negative,Positive
i wanted to love this dress and i did until i turned around the back seam didnt hang right it pulled towards the knotted side across my behind i tried on two different xs that they has in store and both had the same issue one of the dresses hung much looser i had to recheck the tag because i didnt believe it was the same size disappointing because it really is pretty and showcases curves nicely,Neutral,Negative
"i had to return this blouse because it ended up been too small and super itchy im kind of busty but medium usually works and this one was super tight across my chest not comfortable at all and the fabric is kind of a sheer with the sparkly lines in silver
wouldnt recommend it",Negative,Positive
i was pleased with the fabric and lace and the arms fit me nicely the only problem was that the bottom of the sweater was very boxy and not flattering i am having the sides taken in to fix,Positive,Neutral
the top looks better on the model than inperson it fits loose and looks boxy and matronly i dont like the sleeve length or the top style it just didnt look flattering or good i am sending it back looks very boxy,Negative,Neutral
"i was so in love with this dress when i saw it in the store but so disappointed when i put it on i am  with curves and usually buy a large in dresses this dress looked like a sack on me the top was way too big and loose making the dress a boxy cut rather than a maxi cut like i was expecting the dress is lovely to look at on the hanger and feels good on but i dont think it flatters hourglass figures it was the right length for me unlike many other reviewers 
obviously based off the",Neutral,Positive
this is a very cute shirt with great details however it runs a little bit small not as full cut as it seems,Neutral,Positive
this is a very cute dress that i did not keep mainly because i did not like the neckline on me if it had been different i probably would have kept it i liked the fabric the top is a little thin but i did not think it was sheer the bottom part is sheer but there is a lining it drapes beautifully it is a little like a maternity dress but not enough to dissuade me,Positive,Neutral
the blue lace with the white top underneath is very pretty unfortunately i did not like how billowy it was below the bra line,Positive,Neutral
i was so curious to see this skirt it looks just like pic really gorgeous bold pattern and a faux suede like fabric my only problem was that i thought there was too much fabric i love maxi skirts i am quot and  lbs it was a bit long on me but just had too much fabric i have slim hips but this made them look larger skirt is almost ballroom gown like in its fullness loved it and someone else might love it but for me it was too much wish it worked,Negative,Neutral
i am all for a cute flowy tee but this one felt like i was swimming a bit if youre a true xs id skip this one however if you are able to size down i think it would look really great,Neutral,Positive
i have bought  of these but after st wash on  of them and they were in a lingere bag there are little holes on the front of each now they are bum around shirts if they go on sale i will purchase but the material needs to be better,Positive,Neutral
i knew going in that it may not fit a d cup but the fabric is beautiful so i thought id give it a try i wear a d and bought a large its got a clasp in the back so theres no adjustment on how it fits around which for me was too big the triangles did not provide enough coverage left too much side boob the fabric was very pretty in person but thinner than i expected which also made it seem less sturdy sadly have to return and cancel the backordered bottoms i would recommend to someone,Positive,Neutral
this sweater was pretty short beyond that when i raised my arms the thickness of the sweater caused the shoulders to rise up and stay there when i put my arms down,Negative,Positive
the top fits nice but after one wear didnt even washed it the fabric was all fuzzy would not recommend it,Negative,Neutral
this dress hangs like a sack it really needs a belt to give it some shape i tried to style it with one but then didnt look right either i did like the slip that came with it ill be returning it,Negative,Neutral
i love good flowy blouses and like the over sized look but this one didnt wow me i thought the quality was just ok it didnt flatter me i almost liked it but i didnt im glad i tried it on because looking at the pics online i thought id like it way more than i did just not great,Negative,Neutral
"i really like this dress but after looking at the photo it doesnt look like this well at least on me granted i am dd so that might be part of the reason but this dress is definitely trapeze style i love the look but am cringing at the thought that someone is going to think i am pregnant because of this a belt is a must plus it is the only way to achieve the look in the photos because it is a lot fuller in real life 

another nice touch to this dress is that versatility with the ru",Neutral,Positive
i am somewhere between a  and a  i have narrow hips but an average waist so i was happy to find that these worked for me in me in a  i loved the blue color as an interesting neutral they did stretch out a little with wear but i still felt like i looked good by the end of the day i typically really like cottonlinen blends as i can usually wear them out of the dryer if im going for a casual look  a few wrinkles with linen doesnt bother me but these oh my when i pulled them out o,Neutral,Positive
its not as form fitting  hourglass shaped in real life as on the model i think they must have clipped it in the small of her back so it does not look so boxy otherwise its nice,Neutral,Positive
i bought this in navy and love the multi textures and look im happy it was on sale because it is so cute but i would not have paid full price on it it runs small i plan on wearing it for casual errand days,Neutral,Positive
i like the tunic but there are no care instructions in the garment if i wash it once and it shrinks or the dye runs it will be going back please send care instructions,Neutral,Positive
"this is such a beautiful top with pretty vivid colors and soft fabric but the execution is wrong the front is fine the smocked upper portion is very flattering but then you turn around and the back fits like a cape there is a ton of fabric especially in the upper portion of the shoulders and upper back with pleats that begin under the ruffled neck and billow out i got an xxsp    lbs so couldnt size down please retailer no more billowy tops
so sad to have to return this one",Neutral,Positive
i bought this dress to attend a couple of summer weddings it seemed like it would be a nice light summer dress that i could wear all day i do think it fits that qualification however it wasnt as flattering as i hoped im generally pear shaped  small waist larger hips this dress does fit well over my hips but does very little to show off my waist overall it is just ok,Neutral,Positive
"i had a feeling this might not work for me so i decided to try it on in the store just to verify i was quite right im a tall gal with a size c and it just billowed out and made me look wider i normally wear a size m in tops and even this was a tad loose

if youre petitesmaller framed this will probably work for you if youre tall and busty this doesnt do us gals any favors in my opinion

it is a lovely top and i loved the velvet trim at the bottom the inner lining was decent",Neutral,Positive
i bought this dress online last week in large part based on all the positive reviews then i saw it in the store i didnt try it on because it was already on the way to me and i had ordered a petite anyway and the store didnt carry petites i have to say when i saw it hanging in the store i was disappointed for some reason i didnt realize it was a sweater dress and it looked frumpy on the hanger so i had resigned myself to returning it once i received it well it came today and i figured,Positive,Negative
i love the coh fleetwood jeans and since i was looking for a pair of notsoskinny skinny jeans i thought these would be great but unlike the fleetwoods which are a substantial weight denim these are very soft  too soft  and bag out in the first  minutes the style is okay but the fabric makes them unflattering maybe if youre looking for jeans you can lounge in these will be for you because they do have the comfort equivalent of sweats,Negative,Positive
i really wanted to love this shirt it looked so nice and cool for summer and i dont own anything purple the color was really nice very subtly feminine i am a little too short for this style though i am  ft  inch  lbs ordered an xxs and it was still too wide the side slits came up a little too high for my liking but i easily couldve stitched those up a bit and theyd have been fine i think this would look great on taller women but on me it looked like a dumpy sack,Neutral,Positive
when i got this top in the mail i was impressed by the colors they were very vibrant and i loved the feel of the material as well however the top did not look good on i have an hourglass figure with a dd bust and the peplum just made me look like i didnt have a waist the arm holes were also very big and showed my bra overall i think this is a very cute top but would probably be better on women with more athletic figures,Positive,Neutral
these run very small they are also short almost like a crop pant the fit was so weird that i wont even exchange for a bigger size,Negative,Positive
it doesnt work with me only because i have very skinny arm i can not handle the arm part of the dress it is still very pretty though i would keep it if i fit the arm ,Neutral,Positive
i had a really really difficult time reviewing this dress the instant i touched it i wanted to love it in theory it should have worked for me fit and flare is usually a really great option for my pear shape the silhouette shows off my thinner upper body and camouflages my thicker lower body best of both worlds however as you can see for yourself in the photo this dress makes me look pretty big im a solid size  and i feel this dress makes me look like a  it really makes my middle,Neutral,Positive
i totally agree with the first review i thought this was soooo cute on the model but its loose fitting and has no shape to it,Neutral,Negative
this sweater in the neutral beige coloration was exactly what i wanted to rotate through my winter leggingboot rotation with different vests belts and scarvesspot on it is not heavy weight soft perfect length for a tunic on a  frame c  lbnow the weird part  sleeves were excessively long and seem to have stretched longer after wear anyway hand wash and little to no pilling a plus i literally roll up the sleeves to wear this tunic and it tends to be bothersome hence t,Neutral,Positive
this shirt arrived today and i was surprised how short it is not a tunic at all i wonder if the lengths on these vary and if i order it again it would be a different length i ordered my normal size xs petite im  so this should have been a tunic on me perhaps if i see this shirt in the store ill try on the regular length im returning the petite,Neutral,Positive
i saw tons of people raving about this piece so i had to check it out for myself i love the vibrant colors and the design and while the fabric is delicate it feels amazing and light i sadly had to leave it as the store as i am a girl with a larger chest and big hips i looked huge and it was not flattering to my shape if this dress came in a maxi with a high waist like i would be all over it it is beautiful,Negative,Positive
just piping in here  ordered my usual size of small petite the slip that came with the dress is about a size negative zero it could hardly squeeze over my body and the dress itself is a bright pale aqua and it is a shift and because of the smocking it hangs very strangely i think it looks very cheap and is ill fitting i would say if you are a person on which shift dresses look awesome you might like this but mind the size of the slip in the petites range and also it is aqua,Negative,Positive
the cut design and fit were great on this top however a few people have written reviews that the top is not seethrough that was not my experience the top was very sheer and even a nude bra was clearly outlined in it sadly that was a deal breaker for me and i had to return it also on a side note i dont appreciate receiving a garment in the mail from an online order that already had makeup stains on the collar so just watch out for that,Positive,Neutral
"im still on the fence about these i realize they got great reviews but i thought they would be a bit thicker they just feel too flimsy and too much like im ready for bed i was looking for more lounge pants that i felt like if i needed to run up to the store on a saturday afternoon that i wasnt wearing pjs i just cant get past that they are totally cute but i was definitely looking for more summer loungewear

i ordered the small which fit fine i wear  in retailer pants i got the p",Neutral,Positive
as soon as i saw this dress online i loved it and ordered it unfortunately it just didnt work for me i tried it in a small medium and large for reference im  lbs d the dress is really pretty in person but i looked like a little girl in it my daughter who is  lbs a also tried it on and she too looked like a little girl in it the material is beautiful along with the detail at the neckline however the neckline is not open like in the picture its more pushed toget,Negative,Positive
this is one of those dresses that might be better for those under  on me the fullness of the pleats and the bell sleeve made me feel like i was wearing one of those dresses for a much older lady i miss not having to consider those things the red color is lovely and the dress is modest i just think it will read a lot better on a younger chiquita,Neutral,Positive
this shirt is enormous and as the title of my review suggests it looks like a mens button down the fabric is quite sheer but thats actually what i liked best about it i just looked completely shapeless in this top  wish i had realized it before i wore it out because i would definitely have returned it perhaps if i had bought it  sizes smaller i might have liked it better  it didnt fit anything like the model photos suggest  its huge not easyslouchy,Neutral,Negative
i built a new wardrobe around the three lovely velvet blazers moss copper and burgundy they are soft wellfitting pretty linings and very satisfactory this new version is stiff material and illfitting not coming in petite is a problem and it may fit others better but it is too full across the front with the stiff materials this is a bad fit disappointing and going back,Negative,Positive
this was really billowy but not in a good way i had to return it looks great in the photo but not so much in person,Neutral,Negative
i feel in love with this piece the color are gorgeous and i received so many compliments it lifted my mood just wearing it sadly ut the end of the first wear i had a run up the front and by the middle of the second wear the light fabric got caught on something and a hole developed upon further inspection i found another hole at the top where the price tag must have been attached i also noticed all over pilling after the first wear so sad they should recreate this in a heavy fabric,Negative,Positive
i love the metallic colors of this top and figured i could wear it under a ruched jacket and circle skirt for work welp thats out the window this design is poor for one this is not a piece for a petite woman with no torso and i dont know how anyone with a longer torso wears t his this hits above my belly botton on and i got apetite  i have no torso so without a jacket i would never wear this its very low cutthe back is very lowits a little loose but i run between a  and a ,Neutral,Positive
very cute dress just way too big i ordered it online wish i would have gone a size smaller,Neutral,Negative
definitely size down the waist and chest were baggy in my normal size s,Neutral,Positive
i am going to review this pretty much the way the person ahead of me reviewed it first the colors are way more vibrant in person than in the photo there is even a lavender which you can sort of see under the yellow stripe it really makes it look different second it is monstrously huge i am   pounds and i ordered the xs and it completely swallowed me up because of the vibrancy of the colors it didnt blend well with my fair complexion and also it is like a heavy sweater not a,Positive,Negative
fell in love with the look of this top in the store but they didnt have it in my size   thought id try the  as the  was sold out online as well alas the fit is rather tentlike  it did not drape as i had hoped a beautiful and unique pattern on the right body but on my slight frame it was not flattering its going back to retailer,Neutral,Positive
i love the details and design of this top my only issue is the top is a bit too flowy,Neutral,Positive
the tank looks nothing like the one pictured mainly because its tissuepaper thin also i ordered it in two sizes  xs and s as it can be hard to tell which one will fit i started with the xs and quickly discovered that it ran large the armholes hit halfway to my waist obviously i didnt even bother opening the size s both will be returned,Negative,Neutral
"this blouse is super cute but oddly sized i bought a size up and still i squeezed into the top around the bust the front slit is too low and shows a bit too much cleavage so this had to go back i really tried because the fabric is wonderful and the shirt is light and breezy for summer i just couldnt make it work
",Neutral,Positive
not great quality runs a bit lose disproportionate too large in neck and arms area,Negative,Positive
i ordered this sweater in green in petite large the color and knit is beautiful and the shoulders and body fit comfortably however the sleeves were very long for a petite i roll them and it looks okay but would have rather had a normal petite length sleeve,Neutral,Positive
bought this in the store and fell in love with it very soft and flattering to wear however after wearing it one day it is already starting to pill this truly is a beautiful sweater but i fear it will not be beautiful for long i am willing to take the chance as i got it on sale,Neutral,Positive
very beautiful colors unfortunately the cut is much too tent like and it looks like a maternity top on me i like a flowy bohemian top but this one was too much for my tastes sadly i sent it back,Negative,Neutral
i loved the swimsuit when i saw it online and it looks just a cool in person however i had to return it because the size large top was very very small i wear a d bra this top seemed like it would only work for an a or b cup size even in the size large cute suit for the right body though,Positive,Neutral
the straightleg silhouette is ruined for me by the immediate bulge beneath the elastic waistband mostly caused by the pockets their openings protrude out right below the waistband its not flattering and while the trousers are not too tight for my hips they give the impression of extra hips if not for that silhouette issue i would keep the trousers as they are comfortable and pretty and unlike my other trouser options not seethrough as i feared,Neutral,Positive
i was really excited for this dress to come and hoped it would work well for a couple of holiday parties that i will be going to this season i wasnt sure what i thought when trying it on but i am thinking it will go back since i still am not super excited about it for me the waistline was a bit high and it had a bit of a frumpy feel i love the floral pattern but overall it just wasnt amazing,Neutral,Positive
the color and embellishment of this top are beautiful this would look great on anyone super lean otherwise you just look really wide as there is no frame in the torso of this top at all the back picture shows it well i am   lbs and i ordered the small and medium and both were huge with regrets going back,Neutral,Negative
i couldnt wait to try this on this sweater  sadly it was too large in all ways  the sleeves are adorable but the ruffle overwhelmed my arms this was much longer on me than the model  it stopped midthigh  the quality seemed fine but it is a thin sweater,Negative,Neutral
i ordered this attractive top in my usual size and tried it on with great anticipation it fit perfectly except across the shoulders a problem i havent encountered before ive tried it on twice more do i hope my shoulders will shrink only to see that it pulls across the top of the back as before otherwise it is so pretty and flattering that ill be truly sad to send it back,Neutral,Positive
pretty disappointed in this sweater should have sized down because its quite wide i also didnt like the stair step the back clung to my rear not attractive the colors seemed to be striking online but in reality are not returning mine,Neutral,Negative
i was surprised at the high quality of fabric however the dress looked like a muumuu on maybe with a belt it would be cuter,Neutral,Negative
this was a cute design but didnt work for me the fabric was slightly seethrough and too tight around the bust,Positive,Neutral
quality piece except the fit is way off i have a  c bust and long narrow torso larger on the bottom i ordered the small i frequently wear a smallextra small on top and i was busting out of this in the chest area however the fit then flares way out from the torso and it just looked dumpy and overpowered my  foot frame i marked it as running small which it does on top but then it runs very large on bottom wanted it to work but didnt,Negative,Neutral
pretty tank embroidered flowers just as pictured slightly see through so that a cami would be a must for the price should be more of a show stopperunfortunately just average,Neutral,Positive
i fell in love with this skirt when i saw it on display so i had the store order me an xspetite it seemed like the perfect lightweight summer skirt that would go with everything it arrived today and i was a bit underwhelmed with the way it actually fit on me it is kind of a thick linencottony material and just didnt lay down well bunching out on the sides in a way i didnt find to be very flattering so  stars for print and whimsy and charm but  stars for actual fit on alas it is going,Neutral,Positive
"the image does not show but the front of the dress has a heavy  utility zipper hidden with  snaps the zipper pull when closed sat right on my collarbone which was he height of discomfort it felt heavy and awkward the dress was very high waisted for me im  and it was  inches above the navel also to the point of discomfort

an invisible side zipper would have made the difference for me if the proportions were better suited for a nonpetite sizing

the fabric is quite beautifu",Negative,Neutral
yummy soft material but very faded looking so much so that i am sending it back if a faded look is something you like then this is for you,Neutral,Positive
i am not a fan of unlined bras but this one was so pretty i had to try it the lace doesnt look cheap but overall i wouldnt have wanted to pay full price it fits well and the support offers a nice shape no cone i might go back for the other color,Positive,Negative
first i love wool if its  wool i love it if wool isnt your thing then this dress isnt for you i ordered this dress online in the burgundy it is not itchy it falls above my knees and i am  it is warm and cozy with pockets which i love with the sleeves being short i am wearing a long frilly cardigan over it i ordered the small did not notice a size chart with this product i am usually a size  or  it fits great in the bodice but runs large through the hips however,Neutral,Positive
got the coral reef color in a size medium for reference i say i am   because its easier than explaining that i am really   and   lbs c bra sizewise i am all over the place recently i lost weight and have been buying smalls and mediums and anywhere from an  to a  from retailer i so wanted to love this suit and am still in love with the fabric and colors everything in the medium fit except for the bra cups i am not especially big but there was zero cup room,Negative,Positive
definitely agree with the other reviewers this top looks great on the model but pretty bad in real life super boxy and has no give so everything just hangs if you plan on ordering id recommend sizing down,Negative,Positive
i tried on the red xs in the store and the vneck was way too low showed at least an inch of my bra strap in the back which was unfortunate because i really loved the dress otherwise i decided to purchase the xxs online hoping the v would not be so deep and would cover my bra it did but the xxs was significantly smaller it still fit but took this from an elegantly flowy and loose dress to one that looked more empire cut and tight in the chest maybe the xs i tried in the store was just st,Positive,Neutral
bought this camitank on sale which im glad but it has a flap underneath like a bralette but not fittedit kinda just drapes under the camithe problem is its not thick enough to offer the coverage you would want under a white tank but it was also too short so it caused a visible line underneath that showed throughthat was higher than the bottom of my chest so it gave the appearance that i wore the wrong braundergarmentit simply looks awkward not sure if it wouldve been better,Negative,Positive
this dress is attractive but it runs a little small im a small curvy girl who usually wears a  this was small in the top and short waisted i wanted to wear it to a recent event and didnt have time to return it for another size,Positive,Neutral
this would have been cute if it was more fitted i am  and  lbs and the small was too wide i didnt try the xs because the small was almost too short in the sleeves and so was the length,Negative,Neutral
"ive been shopping at retailer since  and floreat used to be my favorite designer but for the past year or more floreat mostly misses the mark this blouse looks nothing like it does on the model 
 it is long on her not so in real life this is probably the worst part about this blouse if it were not for this i might try on a size m and give it another chance
 it runs very large i usually take a l or xl i think i would need a m in this as mentioned above
 in the picture t",Negative,Positive
agree with other poster this shirt runs very big im all for a flowy shirt that hides my belly but this is just a tent ill be retuning it,Negative,Positive
i tried this on today and it was awesome great color great fit thin summer material but not too thin that it was see through the slits added a really nice design to this dress very slimming my problem is the deep v in the front for small busted women this might be a deal killer for me in the xs the v hung even below my boobs no cami could fix that unfortunately cloth and stone tend to make their shirts and dresses with too deep a v its always disappointing for me because i love thei,Positive,Neutral
this dress was an adorable aline in the front and a shift dress no pleats in the back tack onto that a highlow hemline and its just trying to be too many things wouldve loved to see this dress as a true alinefitandflare it wouldve been perfect fits true to size,Neutral,Positive
the tee is adorable in the floral print the fit is true to size as it is a casual tee rather than overly fitted the cuffed sleeves are a nice detail i would have bought this at full price but it is quite see through in the whiteyellow floral i could easily see my nude colored bra and even my belly button it was so sheer having to wear a tank underneath this completely defeats the purpose of a cute casual tee you can just throw on i was so disappointed that it was so sheer i think the,Neutral,Positive
loved the color and the deshn but when i put on did not look right waist was too short and the arms were long,Negative,Neutral
i was stoked to get this dress and it is truly beautiful but the fit is so awful it was like being swallowed up by a bag i ordered my usual size  im   lbs and a bra size dd but the dress just fell on me like a sack i was so disappointed had to return,Positive,Negative
"i ordered this dress in small my usual size for reference   lb it is too wide it looks more fitted in the pictures and hangs loose on me the belt does not help much it still looks like a sack and i feel like a girl wearing her moms dress

also i found that the material crumples easily",Neutral,Positive
the dresss is much shorter than described very see thru though guess you can tell from picture expected more for the price,Negative,Positive
every single time i was in a store this dress caught my eye there was never a large or xl to try on however so when a free shipping offer came up i took a chance and ordered both the xl was too large the large was much better but a little snug so if it shrunk i would have been out of luck if i would have kept one it would have been the large however they are both going back a plaid dress sounds like a good idea for the winter when you look at it on the hanger but on a body it is,Negative,Neutral
i was very excited about this dress having seen someone where it on the street months ago i got my usual size  and could not button it up for the life of me i get it im busty and sometimes button downs are a tricky however the arms were impossibly tight my boyfriend starting cracking up when he saw my arms busting out of the sleeves,Negative,Positive
i really wanted to like this dress but where the skirt meets the top of the dress in the back creates sort of a hunchback effect in the back will be returning,Negative,Neutral
i read the existing reviews before purchasing and a few mentioned that this sweater ran large this has been my experience with most tops i have purchased from retailer i figured by ordering a medium i would receive a slightly loose to moderately loose fitting sweater this was not the case the sweater is short does not look anything like it does when you view the model from behind and i assume the model is taller than ias models are usually tall for reference i am  medium build,Negative,Positive
this is quite large for akemi  kin i typically wear a medium but will be returning for a smaller sizeprint and flow of top are stunning,Neutral,Positive
i fell in love with this dress when the catalog came in the mail and jumped online immediately to order it the dress just arrived and is not as pictured in the catalog  the picture of the model walking on the beach in that picture it appears to have black lining or a black slip underneath when in reality there is nude lining sewn into every edge and isnt going anywhere  for a minute i thought about having it removed by a tailor but it seems the entire dress would have to be resewn some of,Neutral,Positive
"i agree with those who thought this material looked a little cheap i ordered the white knowing about the sleeves and thought id like the slits but the material  sleeves definitely gave an undesired pirate vibe

true to size",Neutral,Negative
this is a busy dress that makes me think bohoglam holly hobby i bought my usual size and it looks like nightmare of a nightgown on me im going to try a size smaller in the hopes i will love it more im recommending this dress for those that like the quirky whimsical hippie eclectic crafty style,Neutral,Positive
colors washed me out i need more vibrant colors so cute on the model,Neutral,Positive
i loved the fabric and this print but it was just cut a little wrong for me the gathering on the side made me look a bit wide but the fabric is beautiful and everything else was nice i did like the fact that it ties in the back so you can slim down the sillouhette sp if you want to,Positive,Neutral
"i ordered this dress online in order to get a petite size and am very disappointed as other reviewers have mentioned the fabric overlay is very different in person than it appears in the online pictures the dress is much more casual and looks cheaply made in person 
as for sizing i ordered the p based on other reviewers comments about it running small the p fit me fine although it was very fitted in the chest and i am very small chested b i can definitely see that being an issue",Neutral,Positive
i snagged this the first day i wore it with my wedding ring it is very delicate and i cant wear it when im with my kids because they pull on it so much it will just me by night out wrap i guess,Neutral,Positive
i really wanted to like this dress and was encouraged by the positive reviews the dress itself was very comfortable but was very unflattering the top fabric hit my ribs funny and made me look really wide,Neutral,Negative
i like this dress the floral pattern and little red beads others may think it is baggy however i like this type of the style,Positive,Neutral
my personal opinion is that i am not a fan of this top the material of the fabric doesnt seem as nice as delettas other tops and it had a really boxy fit on me i wanted to love this top but i did not,Negative,Neutral
this top light and airy which is perfect for spring im usually into these types of blouses however this didnt quite fit right on me its a little too boxy and too low cut in the front for some reason i loved the design and really wanted to like it i just didnt love it enough to purchase it,Neutral,Positive
i love these pants but they run super big and still stretch after wearing i am usually a   and had to get a  also the pocket flaps stick up on the corners and ironing doesnt help  still comfortable but i would have never paid full price for these if i had known,Neutral,Positive
i bought this because i loved it online but in person there is another level to the shirt that i did notice in another picture i didnt like the second level on me since i am a shorter person just didnt fit my body quite right,Neutral,Positive
this is a beautiful and warm sweater well cut and easy to dress up or down the biggest problem is the extreme shedding which looks messy against darker clothing especially against wool or cashmere winter coats,Neutral,Positive
these pants come in great colors and fit nicely if you determine your correct size which may not be what you usually wear i have several pair but i am concerned about investing anymore because of all the complaints on dye stability retailer is going to have to address this if it is going to continue carrying this product now that said i had a bad accident on one pair of these pants and the outcome was successful i wore them to a dinner party and spilled grease on them from one of t,Neutral,Positive
i absolutely love this suit and was very disappointed to have to return it it is really well made and the fabric colorsdesign is beautiful in person unfortunately it just did not fit my body type i am athletic build with a smaller chest and thicker behind lbs  the small was definitely the right size for me but the back of the suit cut way high up on the butt so that a lot of the rear is exposed which just did not work well for me this will work great for someone with a smaller bu,Positive,Neutral
"stretch out fast

 lb i order size  which is my usually size they fit prefect for about hr and then stretched out feeling not right on my body maybe i should have gone down a  sizes even so i feel like the  and quality dont add up but they are very soft and comfortable i wouldnt buy them again",Neutral,Positive
like previous reviewers have said these run a bit small and im surprised no ones mentioned that these are very high rise for reference im   lbs  and am an retailer size  in tops and pants i really wanted to love these pants but even after ordering a size up and trying on a  i was still not in love and the other reviewers are right  the back zipper is kinda hard to zip up the top of these pants are exactly the same as the essential flares so if youre thinking of ge,Negative,Positive
this top is beautiful to look at but did not fit me like the model it was tight across the bust but very poofy at the bottom which normally i like but not this time sad,Neutral,Negative
i was so excited to receive this romper its a great material but its actually a bit drab the colors are very bland and the flowers just hang its not flattering as it is very roomy,Neutral,Positive
ag jeans have been a main stay for me they are the most comfortable and best looking jeans on my body however this pair was too tight and shorter then i liked the fabric and color is beautiful i wear the same size for ag no matter the design but this one ran too small i have to return it i will try the next size up if they still have them,Negative,Positive
i was excited to see these on sale in the honey color i wanted unfortunately they were really more of a yellow than the golden color in the photo also they were so baggy in the rear that i looked silly which was surprising since i dont have a small behind unfortunately all the smaller sizes were sold out had to send them back,Positive,Negative
this is a beautiful dress except i expected it to be more flowy the fabric is much more stuff than i thought it would be,Neutral,Positive
first off this runs very large im normally an  and sized down to the  but probably could have done a  it looked like a tent on me the top part is lovely i just think the bottom is way to large and not flattering this one is definitely going back especially with all the white dress options they have out now,Negative,Neutral
"i ordered the white and the light blue in size xl both are cut much smaller than is typical for my other retailer xl blouses everything the first reviewer wrote is true the photos of the white top show a detailed back when it is plain like the blue the back is just a solid kind of slippery material its strange because its not seethrough in the back but you need to wear a tankcami for the front so it makes the shirt that much tighter since you need to have the extra layer 

i would",Negative,Positive
based on the photos i thought this dress would be very flattering on an hourglass shape i ordered the faded reddish pink color the color was true to the photo and very pretty and soft the dress has an open neckline fitted waist and skirt length that are all flattering but the fabric is thin and clingy making the dress overall not flattering on anyone not as thin as the model it certainly doesnt hang i believe it runs true to size im generally a xss and i ordered a s and the fit was,Neutral,Positive
given that i am petite with thighs take a size p or p these were not for me the run small are really tight from the thigh up run longer that a petite should and are fairly thin on top of that the zipper and hook in the back are really inconvenient i was looking for something i could wear to work and these were not the right style for that plus they seemed cheaply made like they wouldnt stand the test of time i imagine if you are tall and skinny like the model they would look good,Negative,Neutral
i wanted to love this shirt but it quickly lost shape and a hole was created in the middle of the shirt after just a few washes not worth the price poorly made you need to wear a shirt underneath bc it is so thin the shirt looks better int he picture i like it but it wears terribly,Neutral,Negative
when i saw this i ordered immediately thinking it was similar to the popular colorblocked stripe sweater from last year the knit is stretchy and textured and feels like great quality would wash well but its pretty lightweight the fit is hugecould easily size down im   and found the small to be loose everywhere including the arms the length was at my knees and the stripe fell awkwardly across my chest no idea what id wear this with even if it fit better sadly its going,Neutral,Positive
the fit on these is frustrating with l space you almost have to try everything on first because the sizing is different from one cut to the other i wear a  jean and a medium in this bottom still felt and looked too small,Neutral,Positive
cropped and wide would look cuter on someone who is more petite was too wide and cropped for me very sheer,Neutral,Negative
the model must have this sweater pinned at the back the sweater color is true and the material soft as anything but the fit is  at  with a long torso and broad shoulders the large was still shlumpy didnt hang right at all bunches oddly and is not the least bit flattering my  uber fit daughter had the same issue and she usually makes everything that doesnt work for me look amazing returned,Negative,Positive
i liked this dress but had some issues i am   and a  d with small shoulders the dress was way too big in the shoulders in the  i usually wear so just hung on me funny otherwise i really liked it if it werent for the way it fit me on top not an unusual problem if you are large busted but have small shoulders meant i had to return it,Positive,Neutral
this sweater is so cute and seems high quality i would love to keep it but it is way too cropped for my taste going down just below my mid section i wish it had been cut longer i would have kept it,Negative,Positive
this was adorable but looks much better on the lean flat chested model i am only  lbs and  but i am curvy and it just didnt do me any justice so i will be returning i think this would look better on someone more flat chested because it really accentuates the bust,Positive,Neutral
when i ordered this dress i thought to myself hmm it seems a little close to showing some side boob but maybe thats just the angle of the photo flash forward to me trying it on in my home  yep thats some side boob it is very low cut under the arms if youre super slim this might be a good look but on a curvy gal with some boobs it was obscene also im a solid  in most retailer brands so i ordered a l and an xl just in case the xl wouldnt even zip up returning,Negative,Neutral
this dress is beautiful i usually wear a  or  and i ordered a  it is huge i will be returning,Positive,Negative
"it was love at first sight when i saw this dress online i have several maeve dresses which i love so i thought this would be a sure thing i was really excited when it arrived because when i opened the package the dress looked just as beautifuluntil i put it on fit is fine from the waist down but the upper part fits very poorly especially in the back
not sure if its the zipper that pulls the fabric or if theres just too much fabric in the back but the back of the bodice doesnt lie flat",Neutral,Negative
i was excited to see this dress as id bought the sparrow boiled wool sheath dress in xs last year and loved the fit however this dress does not fit the same way the top fits fine but the waist and the bottom are way too big i laid it over my sparrow dress from last year and the bottom is at least an inch wider two inches if you go by the total circumference im planning to exchange for an xxs and see if that one fits better,Positive,Neutral
this shirt looks just like it does in the picture and my favorite detail was the buttons i was a little disappointed in the stitching of the front tucks as it looked sloppy at the ends but you might find that rusticcharming this is a great top for springsummer i ordered an p and it fit well everywhere except the chest so im returning it my bust is about ddd and it was slightly too tight if i go up a size it will probably make me look bigger than i am nevermind the horizont,Positive,Neutral
i loved this dress online and was luckily able to locate it in a store about an hour away from me i drove to the store to purchase it however when i tried it on i was so disappointed the print is adorable and it is made of great quality but the swing style is definitely more than mini i could have fit  of myself in this dress it is definitely not as depicted in the photographs also the background of the dress is way more pink than appears in the photos and the floral print isnt as r,Negative,Positive
they were fine i had hoped theyd be more like begging a though more structure they were very much just leggings and rather unflattering in the crotch area they felt well made though might work for someone else not a bad legging,Positive,Neutral
i would have liked it but it was too small for me,Positive,Neutral
love these pants  the colors style fit however this is the second pair of retailer active pants ive ordered that ive discovered had a hole in them these are not cheap pants so the poor quality is inexcusable,Positive,Negative
ladies this top shrinks i am very disappointed i was in love with this top and the first time i washed it it shrunk a significant amount i did not use a dryer i laid this piece out to dry as i do with the majority of my knit tops and it shrunk it is a lot shorter and much tighter especially in my arms if you love this top i might suggest buying a size up and washing it to fit,Negative,Positive
i bought this dress because it was cute swinging and lightweight  seemingly perfect for this hot nyc summer after on wash and dry the dress is already ripped around two buttons ill still wear it but i dont think itll last until next summer kind of pitiful since it wasnt a cheapo dress also it is big but that seemed to be sort of the point,Negative,Neutral
the lace detail on this blouse is beautiful i love that it is cotton and it has a detachable camisole which is a nice touch unfortunately this didnt work for me as i found it extremely unflattering the gathered material just doesnt work if you have a large bust it made me look enormous which is never a good feeling i recommend but only for tall slim types with a small bust,Positive,Neutral
this tank is lovely understated but wellmade of nice fabric i love viscose because it drapes nicely on my curves but this is a swing shaped tank shoulda known better and its cropped so giant fabric tent hanging from the biggest part of me if i put in big french darts itd be too too short no way to make it work so its going back ps i clicked truetosize but what does that mean sizes vary from brand to brand from decade to decade i dont understand how anyone could thin,Positive,Negative
i tried this dress on in the store today and the armholes were so wide it showed my bra under the arm almost to the bottom and it showed part of the side cup of my bra at the front while the dress seems like it will be really comfy the arm cuts are so unnatural i had to pass i did try going down in size and petite and neither of those options worked to fix the situation,Neutral,Positive
this top is very cuteon other people i ordered my normal size xs and just did not work out its very billowy on the bottom too much for me and the top portion did not lay right the material is thin so you will need to wear a cami underneath it perhaps if i got the petite xs that right have been a better fitnot sure in the end the top went back,Positive,Neutral
bought this dress without trying it on but listened to the previous reviews saying this ran small and wow does it i usually wear a  but ordered an eight which was hard to get on even with the upsizing i do have a ddd bust so i do have a difficult time when dresses have no stretch over give in that area overall beautiful dress fabric is not stretchy which killed it for me,Neutral,Positive
i wanted this tank to work so badly it was a great deal and so beautiful unfortunately the top fitted portion ends right below my chest then the shirt flares out so i looked like a cupcake my belly also showed slightly because the shirt is short if you have a short torso this would work great if not unfortunately its not great  tear,Negative,Neutral
i grabbed my typical size  and found it fit snug in the bust the fabric has plenty of stretch so the snugness was fine especially because it meant there was no gaping along the neckline in the front its lowcut but i didnt feel particularly exposed i ended up not buying it because i dont think it fit my body right the distance between the top of the shoulder and the bottom of the arm hole was too long for me  a significant portion of my bra was exposed at the bottom of the arm hole,Negative,Positive
i wish this shirt would not have had so much material it would make a great maternity top if you are really thin it might work for you too,Negative,Neutral
i wanted to love these pants since i hate superfitted skinny pants but they are really oversized im lbs and  foot  so im petite but not considered skinny and have well endowed thighs and legsbut the xs was way too big for me,Neutral,Positive
this shirt was just really missing something for me i originally liked the patter of the small dots all over the fabric especially with the sleeves being more sheer than the rest of the blouse i also am tending to gravitate toward clothes that hide my residual baby fat in my midsection however the tie is very high up on the neck and it made me feel like i was wearing a turtleneck i rarely wear turtle necks because they make me feel like i am choking in addition the bow seemed to be too t,Negative,Positive
i drooled over this dress online so couldnt pass up trying it on at my local retailer store while i loved the unique color in person  the drape of the skirt good quality fully lines i was so disappointed with the top of this dress its very tight illfitting  just plainweird i cant imagine the fit of the top being flattering on anyone regardless of chest size its a shame because otherwise the dress is adorable,Negative,Positive
this sweater was huge it hung down to my calves it also is really bulky and scratchy it feels as if you are wearing an old wool blanket i think it is only made for really tall and skinny people im  and weigh lbs and i ordered a size s and i was swimming in it the fabric is very thick i may be great if you live in alaska or the arctic it adds about lbs to your body frame,Negative,Neutral
this top is too boxy and has too much going on it should have no buttons or different ones,Negative,Neutral
so i havent actually tried this and im sorry for the misleading star rating i just wanted to get someones attention on the length the photos show the dress draping with almost a train even with the model in platform heels but in the video the dress is about  inches off the floor is it the model in the video that is extra tall someone help me out this looks gorgeous but since its an online exclusive i wont be able to try it on at the store,Neutral,Positive
i ordered these along with the regular ag stevie jeans and there is a definite difference in fabiric and cut i liked the darker fabric but it was thinner and stretchier that the more denim version the cut was also looser in the thigh and seat area which made for a looser less flattering fit returned it and kept the regular ag stevie,Negative,Positive
i wanted to love this top but similar to many of retailers styles especially this season this top is very large and tentlike normally i like a larger top but i was not expecting the length of this top it might be cute belted if that is your style but still much more like of a tunic than a top  could also make a nice maternity top i am  and ordered a medium and this top hit me much lower than pictured on the model the fabric and pattern as well as the neckline are very nice,Positive,Neutral
this style is very pretty and flattering i love the flow of the material and the open shoulders are nice for the design,Neutral,Positive
i had such high hopes for this dress and really wanted it to work for me i initially ordered the petite small my usual size but i found this to be outrageously small so small in fact that i could not zip it up i reordered it in petite medium which was just ok overall the top half was comfortable and fit nicely but the bottom half had a very tight under layer and several somewhat cheap net over layers imo a major design flaw was the net over layer sewn directly into the zipper  it c,Neutral,Negative
this sweater is gorgeousit is of great quality and very warm i was very excited and wanted it to look great howeveri have a large bust and am full figuredso it was not appealing and just kind of hung there i feel that it would look great on thinner womenand it is a gorgeous sweaterjust not for me,Positive,Neutral
this shirt looks nice on the model but it felt stiff and unflattering on me i am  lbs c and the size  fit overall i just didnt happen to like it on me,Neutral,Negative
"bought a pair of the gray and loved them but after i washed them i saw the color was distorted as if bleach from a previous wash was still in the machine 

so i ordered a second pair this one in green  same thing happened after i washed it looked at instructions finally and it says to wash in cold water  i washed in warm could that be the problem 

anyway  now they both look like theres discoloration and not a washed look thats on purpose 

ill still wear them but an expe",Neutral,Negative
i find this romper looks much more crisp on the picure than in real life i find it more slouchier and shapeless even though i went with my smaller size the material is very soft but thin that is maybe the reason i am not sure if i am going to keep i wanted a bit more stunning look for my money not saying this might be a great romper for somebody else however,Positive,Neutral
tried this on in the store  i love the colors but the cut was just not flattering the liner was fine but the dress flared out excessively and looked like a tent tried it with a belt for some definition but the fabric was too thick,Neutral,Positive
i really liked this tshirt but unfortunately the vneck is just too low for my taste it fits really loose and even buying the xxs i just felt it would stretch out and be even bigger really cute style just not sure its worth the price great colors though,Neutral,Positive
it is a beautiful dressbut didnt fit methis is better for someone tall and thin,Positive,Neutral
the cutout design of this suit looks cute on the model but didnt flatter my shape i think it would work better on someone very thin the crisscross fabric portion was a bit baggy and didnt sit right even worse the bust portion made me look flat and im a full c cup,Negative,Neutral
i got this number in the turquoise and i hadnt expected the skirt to be ribbed are they all like that retailer was out of the petites so i sized down in a regular instead  yeah that didnt work i definitely needed the petite version and perhaps should have even sized up the bust was scandelously tight in the end the dress wasnt flattering on my figure the way this style usually is on me  the proportions were off somehow its just not one of those dresses that curvy petite girls shoul,Positive,Negative
i washed and dried this in my dryer after one wear and it shrunk to the size of a toddler shirt i dried it on medium i can not really wear it unless i want to show off my belly i loved the color lilac fit and style when i received it and immediately put it on so sad about the shrinkage for a  shirt i expected a bit more retailer should suggest air drying the shirt so bummed and disappointed i would not recommend this shirt unless you can remember to air dry it every time,Negative,Neutral
this is a beautiful blouse but its gigantic my bra size is d and i was swimming in a  the bust measured  inches at its widest point you can see the model is camouflaging the volume by holding her arms to the side the fabric is pulled in an unatural way so the top is probably pinned for the photo if you want this look go down  sizes that much fabric is just not flattering on me so i am returning to the store im passing on the  because the thin fabric seems like it will seriously,Positive,Neutral
on me this was not good at all couldnt get it off fast enough the thick stretchy fabric instantly added bulk to my frame and the leaf pattern over my mid section emphasized my belly and im a size  also the color is a dark brick red and i think if it had been a true red it would have been much more attractive,Neutral,Positive
i ordered these on sale despite a previous reviewers comment that they were unflattering on the back side they really do hug your bum but that is not what bothers me what bothers me is that the back side is totally see through so unless you plan on wearing them with a long top they are not wearable in public or around other people i have gotten some of my favorite pieces from retailer but also some of the most poorly designed unfortunately these fall in the latter category,Neutral,Negative
this top was supposed to be   inches long in petite its actually   inches long  its also large in width hard to believe its an extra small petite,Negative,Positive
i do love this shirt but when it arrived it had makeup around the collar apparently from someone else who had tried it on i was able to clean it up with just soap and water so no big problem but it did make for a poor first impression,Positive,Negative
"i was so excited to purchase this dress i love all shades of grey for winter clothing i love knits and i have loved other maeve dresses however i simply cannot fathom how poorly this is designedit fits absolutely nothing like it appears to on the model to the point that i wonder if i might have received a defective dress

for reference i am  slender and smallboned but also curvy hourglass my bust is  c hips about  i normally wear a small in maeve dresses maybe its j",Negative,Positive
i returned this item it was soft very blah fabric nothing special,Negative,Neutral
i know weve gotten to the point that polyester can be acceptable but sometimes its still that horrible texture unbreathable mess unfortunately thats what this top is made out of so it runs big its billowy and cute but i couldnt get it off quick enough because of the feel of the fabric,Negative,Positive
"i love the look of this dress the fitting could use some workthe top layer could be slightly more fittedbut overall it looks adorable as other reviewers have mentioned the top does not have any button loops 

my biggest issue with the dress is the quality of the material one time through the wash on the gentle cycle and the slip underneath has shrunk at least a full size for the price of this dress i dont expect disposable clothing if i had known it would shrink i wouldve hand wa",Neutral,Negative
i lived the front and back designs but didnt like the fit,Neutral,Positive
i liked the quality of the top and the design but when i got a top that fit well across the chest it was shorter than i usually like my tops so i will be returning it,Neutral,Positive
i wanted this skirt to work it is soft comfortable and cute unfortunately it runs to short  i am  and would not be able to pull it off at work i ordered a bigger size and it still didnt work,Negative,Positive
"but it runs super small i wear a medium for everything but couldnt come close to buttoning this the buttons were about  inches apart horizontally

probably should have ordered an extra large in order to fit the quality and styling seemed great but ordering online requires truth in sizing",Negative,Neutral
this dress is beautiful and extremely well made if you can get into it the only way to close the dress is a line of difficult to button buttons up the back its form fitting so youd better be on your yoga a game or have a loved one or hand maiden to lend a hand i thought about taking it to a tailor to install a hidden side zipper but its soooo form fitting im afraid i wouldnt wear it,Negative,Positive
the way the back came down so much made the top look weird i do like some tops that hang longer in the back but this one was just too much also the material was kind of blah it was thick polyester which would not be very cool during the summer and the color looked better in the picture so to me it was just a over priced odd top,Neutral,Negative
if you know the meghan trainor song and who doesnt youll know what i mean i could tell by the photos online that this skirt would enhance curves and i am fine with that however it is very snug in the rear i can honestly say i had made it to my s without ever once wondering or worrying does my butt look big in thisthat is until i tried on this skirt however i chose to keep it since we were going to hawaii soon and i decided it would be fine as a casual skirt and coverup i,Neutral,Positive
i really wanted to love this suit but it honestly looked really matronly in person,Neutral,Negative
got these in the red brick color and unfortunately had to send them back these are really cute and i loved the color and pattern but they ran very small and the cut between the legs and hips was odd this may not have been a problem had i gone up at least one size best to try them on if possible,Positive,Neutral
i purchased this shirt in white and black the white is more ivoryisn and is a bit thinsee through the shirts can be worn with jeans or dressed up with a skirt i just wish it was a little more form fitting i do like the hint of stretch in the fabric very comfortable as well,Negative,Positive
such a pretty fall sweater nice fit wore it once out shopping and it snagged  had to return sadly,Negative,Positive
"this top runs large i am going to return the medium i ordered for a small 
i wish it came in different colors i love the style",Neutral,Positive
when i first saw this shirt online i was so excited it reminded me of why i love shopping in the fall unfortunately when it came i was so disappointed in person the fabric and the colors are gorgeous its fairly lightweight for a flannel but so soft and comfy cozy i love the navycream polka dot that is on the inside of the cuffs and collar as well and the buttons are cute too when i put it on it was so comfortable but it made me look like i was pregnant especially from the side it just,Neutral,Positive
"i love jumpsuits for their style and comfort i loved the look of this blue silky piece and the review that said it was like lounge wear you could wear out of the house i agree that it is like lounge wear but for me there were a few challenges

first the fit was small i am usually anywhere between a  and a  depending on style cut and brand i tried the small in this and it was not a flowy look or feel it was restrictive in the hip area in a way that would make me not want to wear th",Negative,Positive
i ordered this sweater in a medium with high hopes im  and slender but with a  bust and the medium was too loose and long sleeves fell past my wrists i would exchange this for a small for a better fit but the color is not the white or cream color i was expecting the color of this sweat is more of an oatmeal  not flattering on a farskinned blonde i think the color would look fantastic on someone with dark hair as it does on the girl in the photo the texture is great and i re,Neutral,Positive
so  disappointed that no where in the limiting did it mention this suit is australian in size i ordered the  im usually an  but that was sold out and the suit arrives and doesnt even fir over my hips  the label clearly says  australian us   gutted that i have to return this suit because of this sizing issue  the suit looks to be well made and the design is adorable of it only for,Neutral,Negative
"the design of these ankles pants is very cool and the rise is perfect however the fabric despite  spandex has absolutely no give from the knee down the extensive stitching probably contributes to the lack of stretch while i was able to pull them on size  for  lb i could not bend my legs at the knee comfortably with longer wear i think they would cut off the circulation

please post if these stretch for you enough with wear and become softer",Negative,Positive
im normally a size p i bought these in a  because i wanted a more relaxed fit i could barely pull them up over my calves i could get them on and button them but i felt like a sausage stuffed into a straw size up  sizes at least,Negative,Neutral
i ordered a regular size s and it was way too boxy for my body type and shorter than the stated length i dont know if the length stated is from a size m but the small was definitely shorter in the front at least  if youre petite with curves like me its not a flattering cut,Negative,Positive
"this dress is adorable it simply did not fi off the rack
i invested  dollars in alterations to get rid of the very bottom side pockets why where they even there and to shape the bottom basically the dress is straight all the way down the sidesby up and alter
the top pattern and cut at the top made the alteration investment worth it to me the quality of the fabric is excellent
and the pattern is adorable can be worn as little black dress cocktail party or date night the top de",Neutral,Positive
i purchased this to wear in spring and summer for work or in the evening i am  and have actual measurements of  ribcage and  at largest part of my bust i wear a cd bra i found this dress fit me perfectly in the bust and the darts on the front create a flattering shape i was disappointed in the waist at the back from the photos it is not clear that there is a drawstring waist cord i thought this made the back look bunchy i would have much preferred a side zip so the back coul,Positive,Negative
"i have quite a few pairs of retailer pants and jeans my favorites are the cords i got last year similar to these so when i saw this fun pair i had to have them i ordered both the  and the  to try on

they are even more beautiful in person than online and they are so so small it wasnt like they were a tad snugi couldnt even get the button across to meet the buttonhole on the 

ive never had a problem fitting into retailer pants before this was an extradepressing first time",Negative,Positive
i wish this dress was more fitted the dress looks more fitted and more vibrant in the picture i bought this dress in an xs but i am not sure that going smaller would take care of the amount of material in this dress it was shapeless and did not fall as nicely as it appears i think someone with a fuller figure would look very nice in this dress sad to say that it is going back,Negative,Positive
really unique  will easily go with many topsbottoms i agree with the other reviewers its itchy but so super cute the sale price is a good deal i had already planned to wear with long sleeves so the itchy fabric should not be a problem i got the xss my usual size,Neutral,Positive
i love this dress but sadly for me it didnt look good on my body type im a  dd and not thin so it made me look like a beached whale i saw it on two different sales clerks in the stoe and they both looked adorable,Positive,Neutral
i love the colors of this top it does run very large though when i received my usual small i felt like i was swimming in the top not fitted at all the material is a bit funky too  seems a little lower quality because of the fabric will return and try a smaller size if there is one available at the store and see if i change my mind,Neutral,Positive
loved this as soon as i saw it definitely darker than the photo not as muted since it was a jacket and id be wearing something under it i chose a medium rather than the small i generally wear the shoulders just fit and the rest was big making me look large not a flattering fit and a major disappointment nice that it works for the other reviewers but not for me sadly going back the sweater shown underneath also runs loose and large so im exchanging that one for a small,Positive,Neutral
sadly going back ordered m light color option very difficult to pull over my head not a good sign got it on and neckline looked attractive height wo being a mock turtle but whole thing a bit small around middle could order the l but im not liking the feeling of the fabric it feels tight with restrictive and nonuniform stretch  cotton poly acrylic and  rayon spandex contrast which must mean the stripes combine wfact that the two wide stripes are right at my middle,Negative,Positive
took another reviewers advice and sized up to an xl unfortunately it grabbed around my midsection and wasnt attractive love the color and its dreamy soft the sleeves are attractive on less than toned arms my problem was with the side view which emphasized my tummy it clings and you could see a lot of my bra because in the larger size the armholes are large sadly returned,Neutral,Positive
this is a beautiful looking dress but definitely runs wide and long im  llbs and my normal xs swallowed me up if it had been available in xs petite then that probably would have worked even though i normally never go with petites it is a gorgeous dress and would probably work on those ladies who are taller,Neutral,Positive
"oh such a classic retailer look for summer a vintage pattern on a crisp cotton fabric i was immediately drawn to it but wait there is a sort of wrap around tie at the waist creating the look of an apron yes it looks like one is wearing a full apron or scrub dress 
why this would have been sooo much better as a simple shift or a skirtblouse combo",Negative,Positive
i was leary about ordering this but absolutely loved it when it arrived  i found out the front could be the back and the back could be the front  reversible right  and the styling of the shirt was very complimentary to my body,Positive,Negative
this dress had a nice silhouette but the armholes were cut a bit wide and made it look sloppy too bad  it wouldve made a nice casual dress,Neutral,Negative
i have to say this sweater is gorgeous i bought it in the green motif and absolutely loved the variety of colors used i just didnt like the fit it was so blah i felt like an old lady wearing it it really had no flare to it it was pretty boxy and boring  so very unfortunately this one went back way too much  to not be in love wit,Positive,Negative
i did not like the fit of this as another reviewer stated it is not a swing tunic it hangs fairly straight i dont have large hips im  and  lbs with a full bust and this did not look flattering i returned it immediately,Negative,Positive
i love this maxi dress it is fitted up top and very maxi like on the bottom it was to much fabric for me the dress made me look heavier than i am i am  and  i fit in the medium the dress just didnt do anything for my body type  curvy i think you need to be fairly lean to look nice in this dress sadly i had to return maeve makes great maxis unfortunately they dont fit me correctly,Positive,Neutral
" im  tall with a short waist and long legs and this skirt came all the way down to my ankles i would have kept it if it had stopped midcalf like in the photo

 im  and the size  fit me perfectly in the waist hip area so i would say it runs true to size

 the buttons lay nice and flat over the tummy so thats a plus at least you dont have to undo them to go to the bathroom",Negative,Positive
after reading the glowing reviews i was excited to buy this on sale im tall and lean but found the dress looked slightly awkward and off on me compared to the model pictures firstly the top has a strange transition to the skirt with extra fabric you have to either blouse over the skirt or bunch together if you blouse it and lay flat it invariably gets bunched as you wear it this bunching changes the aesthetics of the color blocks creating less clean lines i also found the blue black,Negative,Neutral
this tank in black is nice quality most of the fringe hangs straight and seems to be attached well its just too short and too boxy for my figure curvyhips would look good on someone who has straight hips and is not long waisted since that doesnt describe me it has to go back,Negative,Neutral
i ordered this dress in two sizes pxs and ps they both arrived in a timely manner but the pxs was snagged upon arrival there were a few other reviewers that stated the dress snagged easily but i loved the classic look of this dress so i thought i would take the chance unfortunately i had to take both back to the store because the potential for snagging the fabric was too high even considering the sale price also the dress comes with a cotton slip but the slip for the pxs was tiny while the,Neutral,Negative
this dress did not work well on my figure i have a small waist and broad hips and the dress size m for  lbs  was too boxy i didnt have objections to the fabric like other reviewers  honestly even if there were a snag or two the fabric is kind of rustic and i dont think a snag would look terrible depending on where it is i should note that one of the ornamental buttons immediately fell off the dress upon arrival my friend got the same dress in a size s and it worked better f,Negative,Neutral
i really love this top but am afraid i may need to return it because the fabric is so delicate that little snags began to show up within hours of wearing it and they show really badly as black spots because the fabric is made with light and dark delicate threads it feels so good on though you must be super careful with it i have no idea how the little snags even got there,Neutral,Positive
just got this in the mail yesterday and i want so badly to love it but its just a little too big and boxy im  lbs and ordered a small but i really wish id ordered the xs not sure if ill exchange or just return seems high quality and the pattern is gorgeous its basically exactly what im looking for until i actually put it on and then it just kind of looks like im wearing my grandpas old sweater,Neutral,Positive
cute dress to throw on and go fits pretty true to size except for the slip underneath its a little tight and i felt to short for the dress i ended up wearing a full slip i had under it and that work great,Neutral,Positive
" the wide legcrop is a cool trend but not great on me im pretty standard in sizebuild   lbs size  i felt like i just looked oddly shaped with them on
 and maybe this is the issue the size  my normal size in every citizen pant i own was about  whole sizes too big for me i mean i felt great about myself butwowza
 when i took them to the store to try onexchange they dont even carry them in the store so i just returned and will try something else",Neutral,Positive
i saw this dress in the catalog and online and it looked so lovely on the models i took a chance and ordered it in my normal size small when it arrived i was a little disappointed with the weight of the fabric it was a bit light in my opinion it did have an interesting texture suede like so i could overlook the weight of the fabric if the dress fit well unfortunately it did not it rather just hung there and was not flattering on me it looked wonderful on the model but i keep forgettin,Positive,Neutral
i ordered a size small usually i am ps but wanted the extra length usually i can get away with a regular small but not this time such a cute style but made me look short  wide unfortunately its going back,Negative,Neutral
the shirt is absolutely cute looking but thats just thatlooks im  size   wears m to l top i tried on the medium in the store it was rather flowing i liked it but i didnt like how it fit on the underarm area it hung very low so i ordered a petite m still the same plus the store the lighting was dark so i didnt realize how see through the shirt was too had to return it,Negative,Positive
thats what i look like wearing this dress a sad sad sack the fabric is less than ideal and there is no shape to speak of i love that it has pockets but thats about it there was just way too much fabric for a petite person this dress has got to be good on someone sadly that person was not me,Negative,Neutral
i loved the way this top looked in stock photos the colors are bright and cheery and its a great transition piece but the way the sleeves are cut almost makes them feel like water wings if that makes sense they are stiff and wide and awkward ive worn this a few times hoping maybe the sleeves would relax down they havent maybe it will look okay under a blazer for the office or something,Neutral,Negative
"lots of pairs of the pilcro serif and for some reason after mo or less of normal wear these have bit the dust 
i dont dry my denim and do wash on gentle cycles this pair just doesnt seem to be too happy began pilling after two washes just seems to be a different blend of fabric than the others 

super bummed and now theres no way to replace it wamp wamp",Neutral,Negative
i wanted to love this set but sadly it just didnt fit as i had hoped the small was bigger than expected and looked frumpy and not sexy returned,Neutral,Negative
dress is much different in person thin ribbed cotton  a little tight for xl    it looks like a throw back dress from contempos  returned and would not recommend,Negative,Neutral
i bought this dress online in the creamblack combo for an incredible deal i wasnt thrilled about it when it arrived even for the ridiculously low price because the contrast between the top and bottom was too big the two materials are quite different the top fabric being much more casual than the bottom fabric and with the color contrast it just looked like a top and skirt that you wouldnt put together if they were separates when i went to my local store to return they had the grey com,Positive,Negative
i fell in love with this dress online i listened to the reviews and ordered a size up i got it in the mail and couldnt wait to try it on i was sad that to find that while it was tight across the chest and the keyhole in the back seemed to pull it was really large in the body in addition while the lace is beautiful it is very fragile i still think this is a great dress but definitely for someone who is small chested for reference i am a dd and size  and i ordered a medium,Neutral,Positive
i have been looking for a quality pair of black skinny jeans for a while after reading the reviews i had such high hopes for these jeans i bought it in my usual size  and while the top part fit perfectly i found that the bottom was too tapered in and ultra skinny making it not look right sadly i had to return,Neutral,Positive
i really loved the colors and style of this top unfortunately it runs a bit small and was too short on me im  some mentioned they didnt like fabric but i thought it was good,Negative,Neutral
i wanted to love this dress  it is gorgeous on the model but unfortunately for me it didnt fit right im petite and ordered the xxs petite it was snug in the upper body and looked like i was wearing a babydoll dress the material is high quality and i love the burnt red color it just didnt fit right definitely looks great on the model but hung funny on me i can see why it was highly rated gorgeous dress  just not on me,Neutral,Positive
i really wanted to love this dress but even though i got a small it was still too big i also dont think the horizontal pattern was a good look for me other than that it is beautiful and the fabric felt nice,Positive,Neutral
these didnt work for me because i am too straight shaped for these jeans try them if you have a smaller waist and curvy hips and bottom i didnt have anything to fill out the hips and seat for reference i ordered size  and they were loose in hip and seat but fit my waist my hips are  and waist is  they are a thinner stretch denim than they appear but not jeggings thin,Positive,Neutral
cant pants the material is lightweight and perfect for summer however i felt they were cut narrow in the hips i am a solid size  and i couldnt get the  over my hips,Neutral,Positive
this top is not for a curvy figure the embroidered part is gorgeous very stunning but the loose bottom part is awful i am curvy and usually wear l or xl this top was fitted at the top but very loose at the bottom made me feel like i had a big tummy and was a tad short i am sending this back this would look better on a more slender frame,Neutral,Positive
i loved these pants the minute i put them on and was so happy id ordered them but i wore them only  times  and only at dinners with friends not even for full days  and the seams on both legs ripped open i think the faux leather just isnt equipped to handle the stretch of fitted leggings i was superbummed about this because these pants are so insanely cute but if they cant hold up to a few casual wears then theres just no way thankfully retailer was true to their brilliant custom,Negative,Positive
this runs a bit on the large side i ordered my usual m and had room to spare the green color was lovely but between the fit and the scratchy fabric this is headed back too bad,Neutral,Positive
"tried this lovely with high waste wide leg black flowy pants everything i could hope for and more but not quite

size blindly ordered size  im usually a small occasionally xs in retailer brands like floreat and akemikin im  tall  lbs d  long torso narrow shoulders and short arms

fit size  had just enough space through the bust the lace edged sleeves were roomy and just reached my wrists the shoulders were just right extra fabric ballooned out around t",Neutral,Positive
"i originally bought this shirt in the blood orange color which is lovely and vibrant the shirt is extremely comfortable and very flattering however it is also very very cheap after about five washes it has pilled and worn the color has faded a bit and i doubt it will make it through the spring for perspective i wash all my clothes on cold and use the air dry setting on my dryer

nonetheless even having experienced the wear and tear i went back and bought this shirt in every other",Neutral,Positive
i generally dont spend this much on jeans but wanted a nice black pair so rolled the dice during the sale who can wear these im an average size  and struggled to get these size s over my hips buttoned and zipped i looked like a stuffed black sausage best for thin frames and even then size up,Negative,Positive
i thought this top was so pretty and airy but it just didnt work out i typically wear an xl in retailer and was able to size down to a l in this top i ended up returning because the front is pretty sheer and the black tented out in a weird way about halfway down there is a seam across and without this it would have hung perfectly disappointed,Neutral,Negative
this sweater is thick and does cover the bra well i did not find it to be well made the ribbing seemed to be attached loosely in places i am a size large with a b cup and a bit thicker through the middle to my middle age dismay putting this sweater on in coral made me feel like a giant peach for those with larger breasts it is likely more flattering,Negative,Positive
this vest doesnt have a button so i thought i could put my own but when it arrived it just didnt fit that well the opening in the front is too big the vest itself while nice and warm is not functional at all due to openings everywhere i dont know why even make a vest like this with no front button and such a wide opening how is one supposed to keep warm at all,Neutral,Negative
this is a beautiful fabric and the skirt is so nice what is wrong is the cut of the skirt one side bells out more than the other giving it an off center look from the front my legs were not centered,Neutral,Positive
i love everything about this sweater except the sizing i purchased the deep red in xs the yarn weight is perfect for me in los angeles the length is perfect the sleeves are bell shaped but not at all a problem for me theyre not so big that they get in my way at all unlike another reviewerthe collar can be folded in a way that it stands upright for a kind of retro look which i love the only problem is that the sweater is way too big i can handle a wide swingy style but with the sl,Neutral,Positive
sheer and lightweight perfect for summer great detail could not justify paying full price,Neutral,Positive
based on the mixed reviews about fit i waited to purchase until i could try it on in the store and was not disappointed im wondering if there are different batches of this dress im  and the dress fit as in the photo the side slits come above my knees but not too high arm holes are a bit large so if you want more coverage this may not be for you the material is cozy and soft the cream color is gorgeous size wise it definitely looks boxy and marshmallowlike if too loose i am usuall,Positive,Neutral
this dress was pretty but had a weird fit the waist droops down in the middle instead of going straight across which i found unflattering i ended up returning it,Neutral,Negative
just received and sorry to return i am  i wear a size  i ordered the ml  it way really big and to wide,Positive,Negative
"this is a cute flattering dress however the dropwaist the short length and the oddlength sleeves shorter than shown in the photos added up to me feeling like i was dressing way to young it just didnt convey an elegant mature vibe this dress is perfect for a ss woman who wants a versatile dress to wear on many occasions its great because its not too expensive and you could wear it with any type of shoes

my big problem is the lack of transparency regarding the actual slee",Neutral,Positive
the quality and fabric are fabulous but its just too voluminous for my figure   lbs would look great on someone more slender,Negative,Positive
i got the black in a medium it just made me look wide and i felt frumpy i think its the angled wide sides on me the design just created bulk nice substantial fabric but it isnt soft or cozy back it goes,Neutral,Positive
this dress is made of nice thick stretchy fabric comfortable on but fairly tight and body hugging i liked the fabric but it was the length that got me i tired on a   im  and this dress was just at that awkward length made me look short and stunted not a wow piece,Neutral,Positive
i have to agree with previous reviewers in that it is a bit short on the top but i kind of like that as i am petite and most tops come way too long on me however go up a size if you have any breasts at all likely they will not fit in you standard size however i just love this shirt soooo adorable the color is a bit more olive than brown to me though than what is in the pic ,Positive,Neutral
i dont think they are an easy fit cut they are more like skinny jeans as i was looking for something more relaxed i decided to return them the quality of the material is good the color is nice,Neutral,Positive
"at first i was taken by the beautiful lacework and the pictures online showing what appeared to be a loose but shaped silhouette the pictures must have been staged with pins in the back because in person the shirt fits like a circus tent without exaggeration there is a surplus of about  inches

the material is still beautiful and because of that i havent decided whether ill return this shirt or try cutting out some excess fabric to create a cleaner more fitted shape",Negative,Positive
i was excited to get this romper but it just didnt work im petite with a large bust and the blousy design of the top portion just hung like a bag on me returned,Negative,Neutral
"cute white tshirt different style but didnt work on my body type so i returned it 
 good price point 
 basic fabric",Positive,Neutral
this sweater was gorgeous however i think it was to boxy for my figure it had to go back as it was not flatteringi would recommend this product to someone with a taller slimmer figure im   lbs,Positive,Neutral
 tags  one quite huge about  by   very itchy so i cut out the tags and they are sewn with some kind of hard poky plasticy thread  now even more itchy i will have to wear these inside out,Negative,Positive
i love this top and the beading is beautiful but just like everyone else it was way too large i normally wear a lg but the large looks and feels like a xl beautiful but large,Neutral,Positive
"the fabric and its texture didnt meet my expectations unfortunately there were too much fray and castoff of edge yarns of a fabric 
however this will fit if you wear over the swimming wears",Negative,Neutral
"this dress fit so oddly i tried on two different sizes and both did this super unflattering poochy thing at the belly the dress wasnt tight at my hips in either size it was just that there was weird extra fabri right around the midsection that stuck out maybe i was too short couldnt figure it out 

the color and detailing are beautiful though a little tight in the bust",Negative,Neutral
as soon as you get up close to this sweater you will notice that the bird on the front is of an interesting kind of materialalmost like carpet that has been shaved waaaaaaaay down so that the little fibers are sticking straight up and a fraction of a millimeter high i was not excited about this texture and can imagine it will be a huge magnet for collecting lint and dust throughout the day the fit was way off on this one for me and was not flattering at all it wasnt for me at all even thou,Negative,Neutral
i purchased this swimsuit in the mint gorgeous color combination im  and weigh  lbs i purchased a small the fit is true to size i love the front design however my husband promptly brought the back of the swimsuit to my attention the chevron was off center the design should have been centered with my back however it was on the right side of my back i immediately called retailer assuming the product was defective the item was sold out on line however a supervisor was able to l,Negative,Neutral
i loved this trench on the web site i couldnt wait until it arrived and was even happy to pay fullprice to get it it unfortunately just didnt complement my   lb curvy figure as i had hoped it was definitely much fuller on the bottom which added unnecessary bulk i have narrow shoulders and it was snug and uncomfortable with a simple tank top on i hung it in my closet for a few weeks tags intact continuing to try it and each time it just wasnt working it also had many stray thre,Neutral,Positive
i was really wanting a nice white summer blouse to pair with patterned skirts unfortunately this fell short as it was huge not only was it big it flared at the bottom it would be perfect if i was sporting a baby bump but not what i am going for right now if the tank was a bit slimmer i would have kept it as a tunicim sad that ill have to return it,Negative,Neutral
"this is a very cute and warm dress it is flattering yet appropriate for work but i had to send it back for two reasons the zipper didnt work well it just wouldnt zip without someone helping me and even then it was very difficult to zip perhaps it was just the zipper on my dress

the neck felt like it was strangling me was the other reason i sent it back if i am not comfortable i will not end up wearing it so even though i loved the style of it the pragmatics were lacking",Positive,Neutral
this top is very light and soft for summer even the lace is soft its not sheer and doesnt require layering true to size im  dd  lbs m fits well my arms are not tiny and yet the lace werent tight for me but the quality of the material is average and it feels like it will last barely one summer its good if you are paying the sale price,Neutral,Positive
i ordered this in black and red i had high hopes based on the reviews this received but its just ok i will be returning,Neutral,Negative
i ordered this online and was surprised to see yellow in the pattern when it arrived i cant see that in the online photo i didnt like the pattern at all when i saw it for real the shirt is very loose fits much like the model photo i ordered a small  lbs just looks kind of frumpy and the pleat down the front makes the front hang heavily,Neutral,Negative
i normally dont go for these tops because with my hourglass frame and wider hips it only makes me look wider however like others i was drawn to the fabric and feelthe bottom half really is lovely and looks expensive and the top half is stretchy an,Positive,Neutral
this dress has a beautiful color and design however it runs too big im usually between size  or  on antropologies cloths i had to size down to size  to get a more fitted look like the model,Neutral,Positive
"i love this dress i mean it si really pretty in person however the breast area is just too small i cant wear a bra with it and my older breasts just droop not flattering they are barely covered i am a bit disappointed at that but if you are smaller up there i say give it a try i am  lbs  ion waist dd and xs petite was great everywhere but chest

colors and fabric are great i love that the different colors are different types of fabric too bad",Neutral,Positive
i thought this was adorable on the model but not so much on me i actually didnt mind it when i tried it on with a long cardigan but i didnt want to keep it for  look the material felt inexpensive the shape was very unflattering for an average sized women like myself im  and about  lbs,Negative,Neutral
loved the material and the style unfortunately my fears came true when i received this swimsuit and there wasnt enough support despite a review i had read as a d i thought the halter would be enough support however the material is too stretchy to rely on that completely i am sad i wont be keeping this though the material is heavenly,Negative,Neutral
i was wondering whether to purchase this top and decided last weekend during the  off event i would splurge i got the m as im tall  and it does look a little strange on the arms atleast on my body the sleeve is cut too high for me i wish it was longer or even a longsleeved item the peachapricot nude colored fabric is a little uncomfortable and the fabric close to the neck is a different grey from the other sweatshirt pieces the sweatshirt pieces arent particularly soft eit,Neutral,Positive
"looks nice and
i did like the button detail on the collar colors are nove and the feel is soft i would probably have to get a petite smaller size",Neutral,Positive
this blouse has a very cute style the ruffles are really nice but why does it have to be so sheer there is no way i could wear this to work without a cami it also felt slightly on the small size  almost too tight for my normal size,Negative,Positive
this item is pretty the print on the fabric is nice and reminiscent of embroidery but only the top portion has a few embroidered accents my issue with it is its very impractical the fabric is extremely thin and you wouldnt want to wear it in any weather below  degrees its ridiculous to advertise this product for a fallwinter season the tube top underneath doesnt work very hard to stay up and isnt a very practical way to hold up the jumpsuit why wouldnt they just stitch a lining,Negative,Positive
i bought this online so didnt realize that the fabric at the bottom is very very stiff i was expecting something silky or at least on the softer and more moveable side the best description i can think of is an overly starched mens dress shirt that being the case it kind of juts out in weird places the sweater part is very nice but it is somewhat closer fitting than what it seems in the picture the fabric bottom is too ample for the slimmer design of the sweater which just adds to the o,Negative,Positive
as soon as i saw this dress i absolutely fell in love with it when i got it i noticed it was slightly small but figured i could deal with it i was packing for my vacation and tried it on again just last night and i noticed the bow is coming off the back i could fix it but honestly a dress shouldnt start falling apart before you even wear it its cut on the small side wish i tried the larger one but now its sold out and i was kind of disappointed there were no pockets as pictured i,Negative,Neutral
i was so excited that retailer finally had some bermuda shorts for those of us that are  older and dont want to show off that much leg anymore and  are curvy on the bottom and really cannot wear the shorter shorts i ordered these immediately in the navy i usually wear a  in pilcro jeans and like the other reviewer observed as well i was floating in these  not only in the waist but everywhere the legs are big  but its supposed to be a boyfriend cut so i get that but they just are,Negative,Positive
what drew me to this shirt was the beautiful silver and gold embroidery on the front the shirt was folded at the store which makes sense because if it were hung it up fewer people would try it on this shirt is sheer from the front and more sheer in the back this is what bugs me about so many clothes that are made these days they are so cheaply made so thin with cloth that you are forced to layer with a camisole or something else in order to wear it in public i cant wear sheer clothes,Negative,Positive
this is absolutely huge  it felt like it was at least  sizes too big  the empire waist wasnt even semi fit  d chest and size small was like a tent  however the embroidery was beautiful,Neutral,Negative
"i normally wear regular s but even the xsp is too wide on me it is really maternity wear 

also since the material is thin the ivory is too shear for my liking",Neutral,Positive
its ok fit doesnt wow me because of my body chest is too wide hips look too narrow drapes across my back fat in an especially nonflattering way basically made my squareapple body look more squareapple great part about this dress is that its comfy and hides the tummy pooch construction is poorly donecontrasting liner at vneck is rolling out on one side only and then doing the same at the hem contralaterally another negative point is dry clean only boo im    an,Neutral,Positive
the white is completely sheer i am so tired of see through shirts even at the sale on top of sale prices i wouldnt recommend this shirt if the fabric werent sheer it would be a very comfy shirt with a cute back but it just looks silly with a tank top under it the cotton just doesnt lay right,Neutral,Negative
i had such high hopes for this shirt i got it in both the black and moss which is a beautiful color however the ruffle was just too big i put it on and immediately felt like a circus clown it would probably be beautiful on a woman with a more straight figure with fewer curves but on me it was not flattering at all,Negative,Neutral
lovely jeans love the details in the cuff bottoms the front of the jeans the relaxed boyfriend part was just too relaxed for me  too much material there that it was unflattering otherwise cute,Neutral,Positive
i ordered these pants in black and brick the pattern is great but the sizing and fit are way off i usually wear an  or a medium in retailer i ordered these pants in a   and  petite the  actually fit but there is no stretch in these fitted pants they were very uncomfortable to walk or sit in however if youre standing up all day and not doing much moving around these pants are perfect the print is great in both black and brick i couldnt decide which one i liked best wish th,Neutral,Positive
just be prepared this is huge i looked hilarious in my normal p this was in store luckily the the excellent personal stylist warned me i also dont think the colors are as good in person  bit dull if it fits you it could be nice,Neutral,Positive
this is a pretty red dress the back is beautiful i ordered it online and was excited when it arrived however as soon as i took it out of the package i saw that it had a snag on the front bodice i also did not realize the dress material was not as heavy as i was hoping for it to be given those two details i decided to return it maybe if it had arrived in perfect condition i would have kept it sigh,Positive,Negative
it is a shame when a product such as this is left on the website after so many comments reveal the item to be more defective in production than an opinion of size proportion i read the reviews so had expected the item to run small so i ordered accordinglythis does not run smallthis is not representative of any of the three categories one associates with womens apparel sizing i am usually a small and the description by previous reviewers described the fit as being perfect for mevery small,Negative,Positive
this top is so lovely but runs soo big i ordered it online and was so surprised when i tried it on at home im normally a size  and i was positively swimming in this top hoping to exchange for a petite sm,Negative,Positive
loved this dress but ran much larger than other maeve dresses i have ordered in the past,Positive,Negative
"got this for my daughter for christmas she loves the boho peasant look i thought the fabric would be white or at least cream color but it was closer to pale yellow although the fabric quality and texture is lovely more substantive than i expected  she just couldnt like the top with the color being so off
disappointing as picture makes it much prettier",Neutral,Positive
this is a gorgeous print but i found it too fussy for my taste  it is quite shapeless so i tried doing a half tuck it looked cute for about  seconds but then i had to worry about keeping the shoulders down,Negative,Positive
i love the length of this and that i can wear it with skinny jeans or leggings but it does seem to run a little small and it is not as long as on the model i do think it is a cute addition to my wardrobe though,Neutral,Positive
i tried this on in a different retailer a couple of weeks ago tried on a different one last nightsame size and it looked baggy sleeves way too long etc  let me add that i am usually a xss petite but some regular extra smalls will work also  this was a xs reg  even the sa could see that one looked like it fit smaller  i showed her the photo in my phone while this one swallowed me  bottom line you will need to try this one on as the sizes seem to vary,Neutral,Positive
i loved the cut and the stretch in the material made them comfortable however i found that the material was unflattering for thicker thighs because it tended to cling to the body it would have been better with some sort of lining as it would have prevented the flimsy material from highlighting imperfections bottom of pants are not hemmed so if you want a clean look you may not like the edges these were returned immediately as it just did not work for me,Negative,Neutral
got this in wine very pretty and soft but so sheer even with the dark color one would have to wear a cami returning for this reason having to wear a cami wrecks the otw ultracomfort,Negative,Positive
like another reviewer said this was too baggy up top the bottom length was good but arm holes were big and top was just too large im   lbs and got xs returned,Positive,Neutral
this dress is beautiful it just swallowed my small frame whole the colors and design are gorgeous just not a good fit for me even at a p,Neutral,Positive
i was hoping these would be like some of the lace shorts i bought from retailer last year that i loved so much sadly no first of all they run small i am between a s and xs in most brands bought a s in these because i like my shorts on the looser side these felt a little snug and short but i decided to keep them the first time i washed them they were ruined i followed the directions exactly and even put them in a lingerie bag in the washer plus a delicate cycle no dryer the lace is man,Negative,Positive
i love the back detail but doesnt feel that comfortable on i bought in green its fitted so get size larger if you plan to layer up im  and bought xs size i should have ordered the s,Neutral,Positive
this tunic is a perfect length for leggings the mauve color got rave reviews on my first wearing and the mixed media and asymmetrical styling gave the garment a unique appeal and made it quite flattering however when i wore it a second time i noticed two micro holes in the sleeve one near my wrist and the other at the shoulder since i take extreme care when laundering my clothes it seems this will have to be a return as the jersey knit is not strong enough to hold up in the delicate cycl,Negative,Positive
i do not understand all the great reviews but that goes to show everyone likes different things the jacket looks great in the pictures but in person it just looks awful gray is one of my favorite colors but this color is so drab and the material looks old and worn it definitely has a grunge look to it and overall it is just a wrinkly mess another reviewer said it looks like old clothes and i have to agree it looks very shabby it also reminds me of those smocks they have at the hair salon,Negative,Positive
the photo misrepresents how large this sweater is it is giant petite ladies stay away from this sweater i ordered an xs and usually can manage to fit in a regular xs but this just floored me the neckline wouldnt even stay up on my upper body it was that loose also the width of the sweater does not at all hug the body as shows on the model it is like a tent im so bummed the color blue is nice and the sweater is really soft its too bad it doesnt fit smaller women,Negative,Positive
since this sold out so fast i ordered an xsp which is too short im  it also is too big the empire waist has no shape or flatter the sleeves are huge the neckline was falling off my shoulder i put it on and instantly knew this was all wrong   the print is very fun and my guess is thats what is attracting everyone to it  it looked like a big floppy mess of cute fabric on me  back it goes,Negative,Neutral
this is a great top not cheap but funky it would look nice on any figure the two blacks on my top are more alike than the picture shows great value for a pretty party top  but it can go anywhere,Positive,Neutral
im usually a small   lbs long torso but the xsmall fit well the black does look seethrough in the pictures but i figured i could wear a cami with it it is seethrough in person if you are up close mainly in the back and arms since the front has extra fabric in places however it is rather short possibly because it is an xsmall and ill need a short cami to fit under it or will have to have a cami hanging out of the bottom which drapes nicely and a cami may mar that effect,Neutral,Positive
just not as long as in the picture it hit me at my hips not good,Negative,Positive
i had high hopes for this top really boxy short,Neutral,Negative
super cute skirt i decided to return it because i felt like i didt have enough tops to go with it,Neutral,Positive
i loved this dress when i saw it online perfect for a summer wedding but when i tried it on i was very disappointed the fabric and styling are gorgeous and very high quality but the sheer amount of fabric on this dress is just not as pictured there is layer after layer of silk and ruffle and while lovely it made me look very large i tried tying the belt many ways to no avail sadly it will have to go back it may look good on a very thin frame but didnt complement my average one,Negative,Neutral
this was a bit of a disappointment the colors are beautiful but the shape was not flattering on my petite frame it is somewhat wide and boxy in the shoulders and body the fabric is stiffer that i expected and therefore it doesnt drape nicely on the shoulders and through the torso if you look closely at the model you can see what i am talking about at the shoulder the shoulders stick out a tad and the gathering at the neck contributes to the larger boxy look this might look nice on th,Positive,Neutral
"i love this dress so very much i wish i could keep it but it doesnt look right on me i am  lbs b  waist  hip dress fit me well except for the fact that it made me look very wide i think the combination of the ruffles on the sleeves with the blouseyness and my short stature was not a great combo it will be amazing on tall slender women but did not flatter my short frame  
otherwise beautiful",Positive,Neutral
so i thought this sweater would be snowy white but its actually a beige kind of dingy color i do not mean that its unattractive i do like it just because it is not snowy white like i thought it makes it more of a casual sweater in my opinion and i was hoping for a dressy sweater it is very super soft and is as long as it is pictured it fits like a dolman sweater which i did not expect either its a bit fitted around the very bottom and sleeves are billowy at the topthe picture does no,Neutral,Positive
overall a really nice top that is soft and comfortable the arm length hits nicely on the forearm and the decorative detail at top is wellconstructed didnt keep this since the top made me look quite big in my bust to the point of not being flattering top is also a bit boxy so id stay away if you are petite with a larger bust unless you are okay with that emphasis,Neutral,Positive
this shirt aesthetically is very pleasing i love the overall design and colors however when i tried it on i was immediately itchy the material is not soft like a cozy sweater ought to be in addition though i ordered a size medium it fit very large  almost too oversized the sleeves were extremely long on me and the overall body was too big its too bad i really loved the look but im not the type to layer if you are go for it but get a size smaller than you normally would,Negative,Neutral
very cute coat but could not keep it for the pricejust not sure it is worth almost  with tax added to cost when it goes on sale i will most likely buy it,Neutral,Positive
i saw this dress in the store months ago and never forgot it so when i saw it on sale i nabbed it online so sad to see how this dress fits just right up top just right along the hem and then its a hot potatosackfrump mess in the middle its a shame because the fabric is beautiful,Neutral,Positive
i bought this dress on super sale and it was such a great deal sadly its going back although i sized down i still feel like the dress is shapeless and tent like no wonder why the store had so many still at the price i paid the details on the dress are pretty and its high quality just wish the fit was better,Neutral,Negative
i love the design of this and the pattern its comfy but a bit too much side boob for actually swimming i like a bit more coverage the front has great coverage but on the side whoa,Neutral,Positive
i really wanted to love this piece but it was very large im  and ordered xss and i have return due to size,Negative,Positive
"the first reviewer said it was small in the bust but the p i ordered fit everywhere rib cage and all but was gaping at the bust in the back i would say overall it was true to size but if i sized down it would be too snug in the rib cage i am dd for reference there and waist is  inches

otherwise the make is very pretty i like the texture in the fabric the color is very pretty as well embroidery seemed high quality but i decided to pass on it even on sale since it didnt",Positive,Neutral
was really looking forward to this sweater but its not a cardigan its a poncho i cant decide if its funquirky or just odd its gorgeously made and extremely soft but i do wish it was actually sleeves i havent decided if its something i will wear or not my husband referred to it as batwings that should have been depicted in one of the photos,Neutral,Positive
i ordered these jeans twice because i love them the first pair were mismarked by about  sizes so i reordered second pair still didnt fit they run really small i would probably need one maybe two sizes larger than normal to achieve the fit and feel of the other skinny jeans in my closet,Negative,Positive
disappointed with the fit and color of this sweater more of a rusty red then bright cherry red i ordered a small and found the sweater had no shape and just hung lumpy on me i am   and usually a small in retailer sweaters,Neutral,Negative
i loved this sweater when i bought it wore it a couple times then washed it according to the tag it shrunk at least two sizes and the tassels got all tangled which i guess i should have seen coming pretty bummed about it because this sweater looked beautiful on,Neutral,Negative
this skirt was horrible on me it was loose in the waist tight in the hips and poofed out like crazy at the tiered part on the bottom the material also felt cheap and clingy i guess the fit is tts but its hard to tell given how strange the cut was,Negative,Neutral
when i first opened this dress and tried it on i thought it was adorable it is very flattering on my hourglass figure and hides my recent baby weight the problem is the hem it was already rolling up when i took it out of the package and i should have noticed and returned it but i figured the problem would be easily solved by a good ironing well it wasnt and it gets worse every time i wash the dress its like the hem isnt constructed properly,Neutral,Positive
the colors in this dress are beautiful the greenblue version but the fabric is a very see through mesh and feels flimsy i purchased it online and wasnt expecting it to be so sheer  the particular empire cut combined with the fabric makes it feel more like a nightgown i really wanted to love it but its going back,Negative,Positive
"the design is beautiful but it was thick and too warm for a summer event i was planning on wearing it to
also the seam below the chest was uncomfortable
needed to return",Negative,Neutral
this jacket is really pretty and unique unfortunately the material around the waist area does not lay flat like it does in the picture im  ft  in and a size  i ordered the medium it fit well but the material around the waist area jutted out making me look really wide disappointed to have to return this,Positive,Negative
why does the lining stop at mid thigh when the skirt is long makes product look cheap while wearing love the color the fabric and the fit but cant get past this less than quality feature  will be returning,Neutral,Negative
this dress is everything i hoped it would bebright colorful quality jacquard classic silhouette unfortunately it runs small up top on the bust and i couldnt even zip it up all the way returning ,Neutral,Negative
first of all this skirt is as cute on as it is in the picture very flattering i am a curvy gal on the bottom and this is flattering that being said it runs small i purchased a large which is my usual size and i need another inch or two all over to make it work part of the problem is the material it is a very heavy durable upholstery like material there is absolutely no give to this it is a very stiff material as well  more what i would expect on a sofa than on my skirt the skirt c,Negative,Positive
this top is absolutely beautiful the fabric is great the cut is nice etc however the buttons are too big for the button loops which do not have any stretch it took ten minutes to open the shirt to try it on once i had it on i left it unbuttoned i returned it if you cant live without it you could put smaller buttons on it too pricey for a nonfunctioning top too bad,Negative,Neutral
i nearly always wear a size small and sometimes even a small is too large not in this case this top is extremely snug i would not be able to wear this and i wouldve returned for a larger size but the ivory color was a little too yellow for me in the online photo the color is more of an offwhite than ivory yellow im guessing also that this fabric may not stand the test of time and easily snag but thats just conjecture,Neutral,Positive
cute top not great on me beautiful bright color,Neutral,Positive
im  at   pear shape the pockets really opened up when i put them on and didnt lay flat loose on leg opening  which i liked but the pockets sticking out around the hip area made my pear shape even wider i got a medium,Negative,Neutral
i am  and the arms of this sweater run at least  inches past my finger tips if the arms were not quite so rediculously long then i would definitely keep it but unless you are tall it just doesnt work also i felt the length of the waste was a little shorter than what is pictured online sigh,Negative,Neutral
i usually buy a pair of these kind of pants every year from this brand they are lightweight sturdy and very flattering to my curvier body this brand can run big so i usually buy a size  rather than my normal size  i was going to wait it out and let someone else try them first but then i caved and ordered them in two sizes  and  because they didnt label them    etc anymore these pants still look well made and have cute little details but they are bigger than ever the s,Negative,Positive
adorable foxes i was smitten in the store but the fix is bizarre and the foxes dont come up very high so youre limited in the length you can wear i bought the ml based on salesperson advice and i cant imagine trying anything smaller i usually wear a size s or  bottom these were super snug back to the store they went,Negative,Positive
i bought a pair of these a month ago and first time i washed them they came out with light spots all down the leg i figured i did something wrong so i bought another pair in the same color and one in sage just washed both pairs according to care instructions no spills stain remover or anything but detergent and both came out with light spots all down the leg very sad to have wasted all that money,Negative,Positive
i had higher hopes for this dress and perhaps should have sized up but it was not very forgiving in the stomach area on me i still love the dress and the look of it on the model but was less than thrilled with it on myself i am  lbs c and ordered a size small,Positive,Neutral
im a size  all day everyday but these pants wouldnt even meet around my hips sadly im returning them tomorrow,Positive,Negative
i really loved this in the catalog the fabric and details are very pretty however its a lot of fabric without much form my husband suggested it for maternity not realizing it has fitted slip not for curvy hourglass  had to send it back,Negative,Neutral
this dress is very beautiful  great fabric and colors  but it looked terrible on me because i have large breasts i am dd and this dress made me look pregnant if you have the right body type it would be a great breezy summer dress im sad because i cant wear it,Neutral,Positive
i really loved the look of this dress online and couldnt wait to try it on based on my measurements i ordered a petite medium following the petite size chart the dress was the perfect length for my  frame but it was just way too loose and not flattering on my figure im c and i looked like a sack of potatoes in the dress the fabric and lining feel great though i just wasnt the right fit for me,Neutral,Positive
i loved the style and shape of the dress  it does run small i had to return it because some of the black dots pulled and looked like it might be more of a problem as i wore it,Neutral,Positive
i am   lbs b and i ordered the  in denim the dress is certainly tts the  fit like a glove but wasnt at all tight perhaps my expectations were too high with this dressbased on the other reviews i thought that it would be perfect for my pearshaped figure however i found that the aline skirt accentuated my lower half thereby making me look larger than i am so i sent it back otherwise this is a great dress it certainly did manage to hide lumps and bumps in spite of bein,Neutral,Positive
i so wanted to love this dress i bought it in a size  and in both petite and regular as im kind of in between and have a long torso and short legs anyway im  tall and  lbs the regular fit my torso well and length not was too bad with heals it might have worked without hemming here is where it all fell apart while understand that only really expensive designer clothing can afford to seam a pattern perfectly i felt that the dot seam in the front of the dress was in a bad place,Neutral,Positive
i received these pants but they are not as pictured see the photo of the back pockets there is a detail there that was not on the pants that i received im not sure about these the quality is nice but they are much baggier than shown and i ordered  sizes down,Neutral,Positive
absolutely love the cut and design of these pants fit so well and unique pattern at the ankle however as is the case with many white pants so disappointed when i tried them on at home and could see my underwear nude color the pants are beautiful in every way except that they need to be lined going back  may order the black since theyre not likely to be see through disappointing was hoping to wear them to a dinner party,Neutral,Positive
i ordered this in the darker color i was excited to try it on when it arrived the fabric was really nice good quality and the design is so cute sadly it did not work for me there is a lot of volume especially in the back which does not work for my curvy shape i can see this top working well on a straighter figure but the volume and length really just did not flatter my hips and thighs i will be sending this back,Positive,Neutral
i so wanted to love this sweatshirt it is very soft and seems like excellent quality and material the pattern is pretty and i envisioned spending hours cuddled up reading in it unfortunately the body of the sweatshirt particularly the front torso area was too big and it popped out around me like a balloon the arms fit well so i dont think that i could have gone down a size i was also not keen on the way the neck hung which was either very stiff and tall around my neck when unfolded,Negative,Neutral
beautiful detail soft drapey fabric but it pulls funny from where they added stitching at the top of the v for me it was also a little short but i have a long torso im  lbs and the size medium fit nicely with the exception of the length,Neutral,Positive
i so loved this dress online not so much in person first of all it didnt fit my build im  with a f bust and the waist line was just a bit too high to be flattering mainly im returning it because of the fabric the petticoat netting does rustle as another buyer pointed out my main fault is that the top fabric is synthetic and cheaply printed basically its the lining fabric of a better made dress or coat if it were cotton voile or silk it would have been beautiful why they made i,Negative,Neutral
i love the pilcro serif legging jeans but these were a big disappointment if you have any thigh at all dont bother,Negative,Positive
this one will be going back the color is really blah and the fabric wasnt a texture i was expectingit is kind of thick and ribbed and i suspect it would stretch out over the course of the day overall the cut and style is cute but i just felt like i was wearing a hospital gown with the combination of the fabric and the style this may have been cute in a more vibrant color and lighter weight fabric,Negative,Neutral
like this top its not too thin but still remains cool too bad it has to be hand washed,Positive,Negative
this is a really cute shirt i love the design color and everything about this shirt but the size i am  and  lbs i can usually wear an xs or xsp the xs was huge and they were sold out of smaller sizes or i would have ordered one this unfortunately had to go back,Neutral,Positive
should have listened  a previous review while this is a very well made garment it really does remind me of a bathrobe and will be returning  too bad because the fabric and stripes are really great alsothis runs very large the extra small was more like a medium,Negative,Positive
"first the good parts these are adorable in person and i think the colors are prettier in person than in the pictures the green isnt too army green its a pretty nice mellow neutral that you could wear with reds whites blues pinksvirtually any color

the tencel fabric is super soft and comfortable and the drape is nice they do seem to run a little large so id size down if youre between sizes

and now sadly the bad these stretch out virtually an entire size after just about a",Negative,Positive
while this top has a lovely design neckline and color the metalic threads made it too shimmery for me i actually think it looks better in pictures than in person because of the metallic threads,Neutral,Positive
i have been looking for a nice white tunic and i should have known when i saw this was one size fits all maybe because i am petite  but there was so much material hanging everywhere that it made me look even shorter and fat who wants that so sending it back,Negative,Neutral
the top looks like an oversized shirt in the model photo but as you can see its not at all in person made with what feels like hospital scrubsmeetscrisppoplin this shirt is stiff and does not lay flat against the body the cut is almost triangular or bell shaped causing it to jut out  think of a flared wide leg pant  but as a shirt the sleeves have a similar cut as well i too am a c and found it made me look much wider as your bust will cause the shirt to move away from you its s,Neutral,Negative
i am of average height but these pants are so long i considered altering them because i like the print but i dont think its worth the effort for workout attire so theyre going back shame,Negative,Neutral
i should have heeded the previous reviewers advice but im really short so i thought id give it a try there is something really wrong with the bust first its about  inches higher than it should be the bottom trim cut across the middle of my bust even if i hoisted everthing up in there to fit the cups they are really only designed to fit cones not curves from the side it looked hideous too bad because the fabric and fit everywhere else is gorgeous,Negative,Neutral
the dress is not like pictured it is above the knee and sleeves are neither  nor full lengthsomewhere in between i am   lbs bought xs regular had higher expectations for the price going back to the store,Neutral,Positive
this is a beautiful well made jacket also its very cozy and warm unfortunately for me it was too short and wide i ordered the petite but it was still too wide which also made it look too short not flattering for my small frame,Positive,Neutral
